"s1","concat_ws","customer_id","store_id","first_name","last_name","email","address_id","activebool","create_date","last_update","active"
Mary.smith,Sakilacustomer.org,1,1,MARY,SMITH,MARY.SMITH@sakilacustomer.org,5,true,2006-02-14,2006-02-15 04:57:20.000,1
Patricia.johnson,Sakilacustomer.org,2,1,PATRICIA,JOHNSON,PATRICIA.JOHNSON@sakilacustomer.org,6,true,2006-02-14,2006-02-15 04:57:20.000,1
Linda.williams,Sakilacustomer.org,3,1,LINDA,WILLIAMS,LINDA.WILLIAMS@sakilacustomer.org,7,true,2006-02-14,2006-02-15 04:57:20.000,1
Barbara.jones,Sakilacustomer.org,4,2,BARBARA,JONES,BARBARA.JONES@sakilacustomer.org,8,true,2006-02-14,2006-02-15 04:57:20.000,1
Elizabeth.brown,Sakilacustomer.org,5,1,ELIZABETH,BROWN,ELIZABETH.BROWN@sakilacustomer.org,9,true,2006-02-14,2006-02-15 04:57:20.000,1
Jennifer.davis,Sakilacustomer.org,6,2,JENNIFER,DAVIS,JENNIFER.DAVIS@sakilacustomer.org,10,true,2006-02-14,2006-02-15 04:57:20.000,1
Maria.miller,Sakilacustomer.org,7,1,MARIA,MILLER,MARIA.MILLER@sakilacustomer.org,11,true,2006-02-14,2006-02-15 04:57:20.000,1
Susan.wilson,Sakilacustomer.org,8,2,SUSAN,WILSON,SUSAN.WILSON@sakilacustomer.org,12,true,2006-02-14,2006-02-15 04:57:20.000,1
Margaret.moore,Sakilacustomer.org,9,2,MARGARET,MOORE,MARGARET.MOORE@sakilacustomer.org,13,true,2006-02-14,2006-02-15 04:57:20.000,1
Dorothy.taylor,Sakilacustomer.org,10,1,DOROTHY,TAYLOR,DOROTHY.TAYLOR@sakilacustomer.org,14,true,2006-02-14,2006-02-15 04:57:20.000,1
Lisa.anderson,Sakilacustomer.org,11,2,LISA,ANDERSON,LISA.ANDERSON@sakilacustomer.org,15,true,2006-02-14,2006-02-15 04:57:20.000,1
Nancy.thomas,Sakilacustomer.org,12,1,NANCY,THOMAS,NANCY.THOMAS@sakilacustomer.org,16,true,2006-02-14,2006-02-15 04:57:20.000,1
Karen.jackson,Sakilacustomer.org,13,2,KAREN,JACKSON,KAREN.JACKSON@sakilacustomer.org,17,true,2006-02-14,2006-02-15 04:57:20.000,1
Betty.white,Sakilacustomer.org,14,2,BETTY,WHITE,BETTY.WHITE@sakilacustomer.org,18,true,2006-02-14,2006-02-15 04:57:20.000,1
Helen.harris,Sakilacustomer.org,15,1,HELEN,HARRIS,HELEN.HARRIS@sakilacustomer.org,19,true,2006-02-14,2006-02-15 04:57:20.000,1
Sandra.martin,Sakilacustomer.org,16,2,SANDRA,MARTIN,SANDRA.MARTIN@sakilacustomer.org,20,true,2006-02-14,2006-02-15 04:57:20.000,0
Donna.thompson,Sakilacustomer.org,17,1,DONNA,THOMPSON,DONNA.THOMPSON@sakilacustomer.org,21,true,2006-02-14,2006-02-15 04:57:20.000,1
Carol.garcia,Sakilacustomer.org,18,2,CAROL,GARCIA,CAROL.GARCIA@sakilacustomer.org,22,true,2006-02-14,2006-02-15 04:57:20.000,1
Ruth.martinez,Sakilacustomer.org,19,1,RUTH,MARTINEZ,RUTH.MARTINEZ@sakilacustomer.org,23,true,2006-02-14,2006-02-15 04:57:20.000,1
Sharon.robinson,Sakilacustomer.org,20,2,SHARON,ROBINSON,SHARON.ROBINSON@sakilacustomer.org,24,true,2006-02-14,2006-02-15 04:57:20.000,1
Michelle.clark,Sakilacustomer.org,21,1,MICHELLE,CLARK,MICHELLE.CLARK@sakilacustomer.org,25,true,2006-02-14,2006-02-15 04:57:20.000,1
Laura.rodriguez,Sakilacustomer.org,22,1,LAURA,RODRIGUEZ,LAURA.RODRIGUEZ@sakilacustomer.org,26,true,2006-02-14,2006-02-15 04:57:20.000,1
Sarah.lewis,Sakilacustomer.org,23,2,SARAH,LEWIS,SARAH.LEWIS@sakilacustomer.org,27,true,2006-02-14,2006-02-15 04:57:20.000,1
Kimberly.lee,Sakilacustomer.org,24,2,KIMBERLY,LEE,KIMBERLY.LEE@sakilacustomer.org,28,true,2006-02-14,2006-02-15 04:57:20.000,1
Deborah.walker,Sakilacustomer.org,25,1,DEBORAH,WALKER,DEBORAH.WALKER@sakilacustomer.org,29,true,2006-02-14,2006-02-15 04:57:20.000,1
Jessica.hall,Sakilacustomer.org,26,2,JESSICA,HALL,JESSICA.HALL@sakilacustomer.org,30,true,2006-02-14,2006-02-15 04:57:20.000,1
Shirley.allen,Sakilacustomer.org,27,2,SHIRLEY,ALLEN,SHIRLEY.ALLEN@sakilacustomer.org,31,true,2006-02-14,2006-02-15 04:57:20.000,1
Cynthia.young,Sakilacustomer.org,28,1,CYNTHIA,YOUNG,CYNTHIA.YOUNG@sakilacustomer.org,32,true,2006-02-14,2006-02-15 04:57:20.000,1
Angela.hernandez,Sakilacustomer.org,29,2,ANGELA,HERNANDEZ,ANGELA.HERNANDEZ@sakilacustomer.org,33,true,2006-02-14,2006-02-15 04:57:20.000,1
Melissa.king,Sakilacustomer.org,30,1,MELISSA,KING,MELISSA.KING@sakilacustomer.org,34,true,2006-02-14,2006-02-15 04:57:20.000,1
Brenda.wright,Sakilacustomer.org,31,2,BRENDA,WRIGHT,BRENDA.WRIGHT@sakilacustomer.org,35,true,2006-02-14,2006-02-15 04:57:20.000,1
Amy.lopez,Sakilacustomer.org,32,1,AMY,LOPEZ,AMY.LOPEZ@sakilacustomer.org,36,true,2006-02-14,2006-02-15 04:57:20.000,1
Anna.hill,Sakilacustomer.org,33,2,ANNA,HILL,ANNA.HILL@sakilacustomer.org,37,true,2006-02-14,2006-02-15 04:57:20.000,1
Rebecca.scott,Sakilacustomer.org,34,2,REBECCA,SCOTT,REBECCA.SCOTT@sakilacustomer.org,38,true,2006-02-14,2006-02-15 04:57:20.000,1
Virginia.green,Sakilacustomer.org,35,2,VIRGINIA,GREEN,VIRGINIA.GREEN@sakilacustomer.org,39,true,2006-02-14,2006-02-15 04:57:20.000,1
Kathleen.adams,Sakilacustomer.org,36,2,KATHLEEN,ADAMS,KATHLEEN.ADAMS@sakilacustomer.org,40,true,2006-02-14,2006-02-15 04:57:20.000,1
Pamela.baker,Sakilacustomer.org,37,1,PAMELA,BAKER,PAMELA.BAKER@sakilacustomer.org,41,true,2006-02-14,2006-02-15 04:57:20.000,1
Martha.gonzalez,Sakilacustomer.org,38,1,MARTHA,GONZALEZ,MARTHA.GONZALEZ@sakilacustomer.org,42,true,2006-02-14,2006-02-15 04:57:20.000,1
Debra.nelson,Sakilacustomer.org,39,1,DEBRA,NELSON,DEBRA.NELSON@sakilacustomer.org,43,true,2006-02-14,2006-02-15 04:57:20.000,1
Amanda.carter,Sakilacustomer.org,40,2,AMANDA,CARTER,AMANDA.CARTER@sakilacustomer.org,44,true,2006-02-14,2006-02-15 04:57:20.000,1
Stephanie.mitchell,Sakilacustomer.org,41,1,STEPHANIE,MITCHELL,STEPHANIE.MITCHELL@sakilacustomer.org,45,true,2006-02-14,2006-02-15 04:57:20.000,1
Carolyn.perez,Sakilacustomer.org,42,2,CAROLYN,PEREZ,CAROLYN.PEREZ@sakilacustomer.org,46,true,2006-02-14,2006-02-15 04:57:20.000,1
Christine.roberts,Sakilacustomer.org,43,2,CHRISTINE,ROBERTS,CHRISTINE.ROBERTS@sakilacustomer.org,47,true,2006-02-14,2006-02-15 04:57:20.000,1
Marie.turner,Sakilacustomer.org,44,1,MARIE,TURNER,MARIE.TURNER@sakilacustomer.org,48,true,2006-02-14,2006-02-15 04:57:20.000,1
Janet.phillips,Sakilacustomer.org,45,1,JANET,PHILLIPS,JANET.PHILLIPS@sakilacustomer.org,49,true,2006-02-14,2006-02-15 04:57:20.000,1
Catherine.campbell,Sakilacustomer.org,46,2,CATHERINE,CAMPBELL,CATHERINE.CAMPBELL@sakilacustomer.org,50,true,2006-02-14,2006-02-15 04:57:20.000,1
Frances.parker,Sakilacustomer.org,47,1,FRANCES,PARKER,FRANCES.PARKER@sakilacustomer.org,51,true,2006-02-14,2006-02-15 04:57:20.000,1
Ann.evans,Sakilacustomer.org,48,1,ANN,EVANS,ANN.EVANS@sakilacustomer.org,52,true,2006-02-14,2006-02-15 04:57:20.000,1
Joyce.edwards,Sakilacustomer.org,49,2,JOYCE,EDWARDS,JOYCE.EDWARDS@sakilacustomer.org,53,true,2006-02-14,2006-02-15 04:57:20.000,1
Diane.collins,Sakilacustomer.org,50,1,DIANE,COLLINS,DIANE.COLLINS@sakilacustomer.org,54,true,2006-02-14,2006-02-15 04:57:20.000,1
Alice.stewart,Sakilacustomer.org,51,1,ALICE,STEWART,ALICE.STEWART@sakilacustomer.org,55,true,2006-02-14,2006-02-15 04:57:20.000,1
Julie.sanchez,Sakilacustomer.org,52,1,JULIE,SANCHEZ,JULIE.SANCHEZ@sakilacustomer.org,56,true,2006-02-14,2006-02-15 04:57:20.000,1
Heather.morris,Sakilacustomer.org,53,1,HEATHER,MORRIS,HEATHER.MORRIS@sakilacustomer.org,57,true,2006-02-14,2006-02-15 04:57:20.000,1
Teresa.rogers,Sakilacustomer.org,54,1,TERESA,ROGERS,TERESA.ROGERS@sakilacustomer.org,58,true,2006-02-14,2006-02-15 04:57:20.000,1
Doris.reed,Sakilacustomer.org,55,2,DORIS,REED,DORIS.REED@sakilacustomer.org,59,true,2006-02-14,2006-02-15 04:57:20.000,1
Gloria.cook,Sakilacustomer.org,56,1,GLORIA,COOK,GLORIA.COOK@sakilacustomer.org,60,true,2006-02-14,2006-02-15 04:57:20.000,1
Evelyn.morgan,Sakilacustomer.org,57,2,EVELYN,MORGAN,EVELYN.MORGAN@sakilacustomer.org,61,true,2006-02-14,2006-02-15 04:57:20.000,1
Jean.bell,Sakilacustomer.org,58,1,JEAN,BELL,JEAN.BELL@sakilacustomer.org,62,true,2006-02-14,2006-02-15 04:57:20.000,1
Cheryl.murphy,Sakilacustomer.org,59,1,CHERYL,MURPHY,CHERYL.MURPHY@sakilacustomer.org,63,true,2006-02-14,2006-02-15 04:57:20.000,1
Mildred.bailey,Sakilacustomer.org,60,1,MILDRED,BAILEY,MILDRED.BAILEY@sakilacustomer.org,64,true,2006-02-14,2006-02-15 04:57:20.000,1
Katherine.rivera,Sakilacustomer.org,61,2,KATHERINE,RIVERA,KATHERINE.RIVERA@sakilacustomer.org,65,true,2006-02-14,2006-02-15 04:57:20.000,1
Joan.cooper,Sakilacustomer.org,62,1,JOAN,COOPER,JOAN.COOPER@sakilacustomer.org,66,true,2006-02-14,2006-02-15 04:57:20.000,1
Ashley.richardson,Sakilacustomer.org,63,1,ASHLEY,RICHARDSON,ASHLEY.RICHARDSON@sakilacustomer.org,67,true,2006-02-14,2006-02-15 04:57:20.000,1
Judith.cox,Sakilacustomer.org,64,2,JUDITH,COX,JUDITH.COX@sakilacustomer.org,68,true,2006-02-14,2006-02-15 04:57:20.000,0
Rose.howard,Sakilacustomer.org,65,2,ROSE,HOWARD,ROSE.HOWARD@sakilacustomer.org,69,true,2006-02-14,2006-02-15 04:57:20.000,1
Janice.ward,Sakilacustomer.org,66,2,JANICE,WARD,JANICE.WARD@sakilacustomer.org,70,true,2006-02-14,2006-02-15 04:57:20.000,1
Kelly.torres,Sakilacustomer.org,67,1,KELLY,TORRES,KELLY.TORRES@sakilacustomer.org,71,true,2006-02-14,2006-02-15 04:57:20.000,1
Nicole.peterson,Sakilacustomer.org,68,1,NICOLE,PETERSON,NICOLE.PETERSON@sakilacustomer.org,72,true,2006-02-14,2006-02-15 04:57:20.000,1
Judy.gray,Sakilacustomer.org,69,2,JUDY,GRAY,JUDY.GRAY@sakilacustomer.org,73,true,2006-02-14,2006-02-15 04:57:20.000,1
Christina.ramirez,Sakilacustomer.org,70,2,CHRISTINA,RAMIREZ,CHRISTINA.RAMIREZ@sakilacustomer.org,74,true,2006-02-14,2006-02-15 04:57:20.000,1
Kathy.james,Sakilacustomer.org,71,1,KATHY,JAMES,KATHY.JAMES@sakilacustomer.org,75,true,2006-02-14,2006-02-15 04:57:20.000,1
Theresa.watson,Sakilacustomer.org,72,2,THERESA,WATSON,THERESA.WATSON@sakilacustomer.org,76,true,2006-02-14,2006-02-15 04:57:20.000,1
Beverly.brooks,Sakilacustomer.org,73,2,BEVERLY,BROOKS,BEVERLY.BROOKS@sakilacustomer.org,77,true,2006-02-14,2006-02-15 04:57:20.000,1
Denise.kelly,Sakilacustomer.org,74,1,DENISE,KELLY,DENISE.KELLY@sakilacustomer.org,78,true,2006-02-14,2006-02-15 04:57:20.000,1
Tammy.sanders,Sakilacustomer.org,75,2,TAMMY,SANDERS,TAMMY.SANDERS@sakilacustomer.org,79,true,2006-02-14,2006-02-15 04:57:20.000,1
Irene.price,Sakilacustomer.org,76,2,IRENE,PRICE,IRENE.PRICE@sakilacustomer.org,80,true,2006-02-14,2006-02-15 04:57:20.000,1
Jane.bennett,Sakilacustomer.org,77,2,JANE,BENNETT,JANE.BENNETT@sakilacustomer.org,81,true,2006-02-14,2006-02-15 04:57:20.000,1
Lori.wood,Sakilacustomer.org,78,1,LORI,WOOD,LORI.WOOD@sakilacustomer.org,82,true,2006-02-14,2006-02-15 04:57:20.000,1
Rachel.barnes,Sakilacustomer.org,79,1,RACHEL,BARNES,RACHEL.BARNES@sakilacustomer.org,83,true,2006-02-14,2006-02-15 04:57:20.000,1
Marilyn.ross,Sakilacustomer.org,80,1,MARILYN,ROSS,MARILYN.ROSS@sakilacustomer.org,84,true,2006-02-14,2006-02-15 04:57:20.000,1
Andrea.henderson,Sakilacustomer.org,81,1,ANDREA,HENDERSON,ANDREA.HENDERSON@sakilacustomer.org,85,true,2006-02-14,2006-02-15 04:57:20.000,1
Kathryn.coleman,Sakilacustomer.org,82,1,KATHRYN,COLEMAN,KATHRYN.COLEMAN@sakilacustomer.org,86,true,2006-02-14,2006-02-15 04:57:20.000,1
Louise.jenkins,Sakilacustomer.org,83,1,LOUISE,JENKINS,LOUISE.JENKINS@sakilacustomer.org,87,true,2006-02-14,2006-02-15 04:57:20.000,1
Sara.perry,Sakilacustomer.org,84,2,SARA,PERRY,SARA.PERRY@sakilacustomer.org,88,true,2006-02-14,2006-02-15 04:57:20.000,1
Anne.powell,Sakilacustomer.org,85,2,ANNE,POWELL,ANNE.POWELL@sakilacustomer.org,89,true,2006-02-14,2006-02-15 04:57:20.000,1
Jacqueline.long,Sakilacustomer.org,86,2,JACQUELINE,LONG,JACQUELINE.LONG@sakilacustomer.org,90,true,2006-02-14,2006-02-15 04:57:20.000,1
Wanda.patterson,Sakilacustomer.org,87,1,WANDA,PATTERSON,WANDA.PATTERSON@sakilacustomer.org,91,true,2006-02-14,2006-02-15 04:57:20.000,1
Bonnie.hughes,Sakilacustomer.org,88,2,BONNIE,HUGHES,BONNIE.HUGHES@sakilacustomer.org,92,true,2006-02-14,2006-02-15 04:57:20.000,1
Julia.flores,Sakilacustomer.org,89,1,JULIA,FLORES,JULIA.FLORES@sakilacustomer.org,93,true,2006-02-14,2006-02-15 04:57:20.000,1
Ruby.washington,Sakilacustomer.org,90,2,RUBY,WASHINGTON,RUBY.WASHINGTON@sakilacustomer.org,94,true,2006-02-14,2006-02-15 04:57:20.000,1
Lois.butler,Sakilacustomer.org,91,2,LOIS,BUTLER,LOIS.BUTLER@sakilacustomer.org,95,true,2006-02-14,2006-02-15 04:57:20.000,1
Tina.simmons,Sakilacustomer.org,92,2,TINA,SIMMONS,TINA.SIMMONS@sakilacustomer.org,96,true,2006-02-14,2006-02-15 04:57:20.000,1
Phyllis.foster,Sakilacustomer.org,93,1,PHYLLIS,FOSTER,PHYLLIS.FOSTER@sakilacustomer.org,97,true,2006-02-14,2006-02-15 04:57:20.000,1
Norma.gonzales,Sakilacustomer.org,94,1,NORMA,GONZALES,NORMA.GONZALES@sakilacustomer.org,98,true,2006-02-14,2006-02-15 04:57:20.000,1
Paula.bryant,Sakilacustomer.org,95,2,PAULA,BRYANT,PAULA.BRYANT@sakilacustomer.org,99,true,2006-02-14,2006-02-15 04:57:20.000,1
Diana.alexander,Sakilacustomer.org,96,1,DIANA,ALEXANDER,DIANA.ALEXANDER@sakilacustomer.org,100,true,2006-02-14,2006-02-15 04:57:20.000,1
Annie.russell,Sakilacustomer.org,97,2,ANNIE,RUSSELL,ANNIE.RUSSELL@sakilacustomer.org,101,true,2006-02-14,2006-02-15 04:57:20.000,1
Lillian.griffin,Sakilacustomer.org,98,1,LILLIAN,GRIFFIN,LILLIAN.GRIFFIN@sakilacustomer.org,102,true,2006-02-14,2006-02-15 04:57:20.000,1
Emily.diaz,Sakilacustomer.org,99,2,EMILY,DIAZ,EMILY.DIAZ@sakilacustomer.org,103,true,2006-02-14,2006-02-15 04:57:20.000,1
Robin.hayes,Sakilacustomer.org,100,1,ROBIN,HAYES,ROBIN.HAYES@sakilacustomer.org,104,true,2006-02-14,2006-02-15 04:57:20.000,1
Peggy.myers,Sakilacustomer.org,101,1,PEGGY,MYERS,PEGGY.MYERS@sakilacustomer.org,105,true,2006-02-14,2006-02-15 04:57:20.000,1
Crystal.ford,Sakilacustomer.org,102,1,CRYSTAL,FORD,CRYSTAL.FORD@sakilacustomer.org,106,true,2006-02-14,2006-02-15 04:57:20.000,1
Gladys.hamilton,Sakilacustomer.org,103,1,GLADYS,HAMILTON,GLADYS.HAMILTON@sakilacustomer.org,107,true,2006-02-14,2006-02-15 04:57:20.000,1
Rita.graham,Sakilacustomer.org,104,1,RITA,GRAHAM,RITA.GRAHAM@sakilacustomer.org,108,true,2006-02-14,2006-02-15 04:57:20.000,1
Dawn.sullivan,Sakilacustomer.org,105,1,DAWN,SULLIVAN,DAWN.SULLIVAN@sakilacustomer.org,109,true,2006-02-14,2006-02-15 04:57:20.000,1
Connie.wallace,Sakilacustomer.org,106,1,CONNIE,WALLACE,CONNIE.WALLACE@sakilacustomer.org,110,true,2006-02-14,2006-02-15 04:57:20.000,1
Florence.woods,Sakilacustomer.org,107,1,FLORENCE,WOODS,FLORENCE.WOODS@sakilacustomer.org,111,true,2006-02-14,2006-02-15 04:57:20.000,1
Tracy.cole,Sakilacustomer.org,108,1,TRACY,COLE,TRACY.COLE@sakilacustomer.org,112,true,2006-02-14,2006-02-15 04:57:20.000,1
Edna.west,Sakilacustomer.org,109,2,EDNA,WEST,EDNA.WEST@sakilacustomer.org,113,true,2006-02-14,2006-02-15 04:57:20.000,1
Tiffany.jordan,Sakilacustomer.org,110,2,TIFFANY,JORDAN,TIFFANY.JORDAN@sakilacustomer.org,114,true,2006-02-14,2006-02-15 04:57:20.000,1
Carmen.owens,Sakilacustomer.org,111,1,CARMEN,OWENS,CARMEN.OWENS@sakilacustomer.org,115,true,2006-02-14,2006-02-15 04:57:20.000,1
Rosa.reynolds,Sakilacustomer.org,112,2,ROSA,REYNOLDS,ROSA.REYNOLDS@sakilacustomer.org,116,true,2006-02-14,2006-02-15 04:57:20.000,1
Cindy.fisher,Sakilacustomer.org,113,2,CINDY,FISHER,CINDY.FISHER@sakilacustomer.org,117,true,2006-02-14,2006-02-15 04:57:20.000,1
Grace.ellis,Sakilacustomer.org,114,2,GRACE,ELLIS,GRACE.ELLIS@sakilacustomer.org,118,true,2006-02-14,2006-02-15 04:57:20.000,1
Wendy.harrison,Sakilacustomer.org,115,1,WENDY,HARRISON,WENDY.HARRISON@sakilacustomer.org,119,true,2006-02-14,2006-02-15 04:57:20.000,1
Victoria.gibson,Sakilacustomer.org,116,1,VICTORIA,GIBSON,VICTORIA.GIBSON@sakilacustomer.org,120,true,2006-02-14,2006-02-15 04:57:20.000,1
Edith.mcdonald,Sakilacustomer.org,117,1,EDITH,MCDONALD,EDITH.MCDONALD@sakilacustomer.org,121,true,2006-02-14,2006-02-15 04:57:20.000,1
Kim.cruz,Sakilacustomer.org,118,1,KIM,CRUZ,KIM.CRUZ@sakilacustomer.org,122,true,2006-02-14,2006-02-15 04:57:20.000,1
Sherry.marshall,Sakilacustomer.org,119,1,SHERRY,MARSHALL,SHERRY.MARSHALL@sakilacustomer.org,123,true,2006-02-14,2006-02-15 04:57:20.000,1
Sylvia.ortiz,Sakilacustomer.org,120,2,SYLVIA,ORTIZ,SYLVIA.ORTIZ@sakilacustomer.org,124,true,2006-02-14,2006-02-15 04:57:20.000,1
Josephine.gomez,Sakilacustomer.org,121,1,JOSEPHINE,GOMEZ,JOSEPHINE.GOMEZ@sakilacustomer.org,125,true,2006-02-14,2006-02-15 04:57:20.000,1
Thelma.murray,Sakilacustomer.org,122,1,THELMA,MURRAY,THELMA.MURRAY@sakilacustomer.org,126,true,2006-02-14,2006-02-15 04:57:20.000,1
Shannon.freeman,Sakilacustomer.org,123,2,SHANNON,FREEMAN,SHANNON.FREEMAN@sakilacustomer.org,127,true,2006-02-14,2006-02-15 04:57:20.000,1
Sheila.wells,Sakilacustomer.org,124,1,SHEILA,WELLS,SHEILA.WELLS@sakilacustomer.org,128,true,2006-02-14,2006-02-15 04:57:20.000,0
Ethel.webb,Sakilacustomer.org,125,1,ETHEL,WEBB,ETHEL.WEBB@sakilacustomer.org,129,true,2006-02-14,2006-02-15 04:57:20.000,1
Ellen.simpson,Sakilacustomer.org,126,1,ELLEN,SIMPSON,ELLEN.SIMPSON@sakilacustomer.org,130,true,2006-02-14,2006-02-15 04:57:20.000,1
Elaine.stevens,Sakilacustomer.org,127,2,ELAINE,STEVENS,ELAINE.STEVENS@sakilacustomer.org,131,true,2006-02-14,2006-02-15 04:57:20.000,1
Marjorie.tucker,Sakilacustomer.org,128,1,MARJORIE,TUCKER,MARJORIE.TUCKER@sakilacustomer.org,132,true,2006-02-14,2006-02-15 04:57:20.000,1
Carrie.porter,Sakilacustomer.org,129,1,CARRIE,PORTER,CARRIE.PORTER@sakilacustomer.org,133,true,2006-02-14,2006-02-15 04:57:20.000,1
Charlotte.hunter,Sakilacustomer.org,130,1,CHARLOTTE,HUNTER,CHARLOTTE.HUNTER@sakilacustomer.org,134,true,2006-02-14,2006-02-15 04:57:20.000,1
Monica.hicks,Sakilacustomer.org,131,2,MONICA,HICKS,MONICA.HICKS@sakilacustomer.org,135,true,2006-02-14,2006-02-15 04:57:20.000,1
Esther.crawford,Sakilacustomer.org,132,2,ESTHER,CRAWFORD,ESTHER.CRAWFORD@sakilacustomer.org,136,true,2006-02-14,2006-02-15 04:57:20.000,1
Pauline.henry,Sakilacustomer.org,133,1,PAULINE,HENRY,PAULINE.HENRY@sakilacustomer.org,137,true,2006-02-14,2006-02-15 04:57:20.000,1
Emma.boyd,Sakilacustomer.org,134,1,EMMA,BOYD,EMMA.BOYD@sakilacustomer.org,138,true,2006-02-14,2006-02-15 04:57:20.000,1
Juanita.mason,Sakilacustomer.org,135,2,JUANITA,MASON,JUANITA.MASON@sakilacustomer.org,139,true,2006-02-14,2006-02-15 04:57:20.000,1
Anita.morales,Sakilacustomer.org,136,2,ANITA,MORALES,ANITA.MORALES@sakilacustomer.org,140,true,2006-02-14,2006-02-15 04:57:20.000,1
Rhonda.kennedy,Sakilacustomer.org,137,2,RHONDA,KENNEDY,RHONDA.KENNEDY@sakilacustomer.org,141,true,2006-02-14,2006-02-15 04:57:20.000,1
Hazel.warren,Sakilacustomer.org,138,1,HAZEL,WARREN,HAZEL.WARREN@sakilacustomer.org,142,true,2006-02-14,2006-02-15 04:57:20.000,1
Amber.dixon,Sakilacustomer.org,139,1,AMBER,DIXON,AMBER.DIXON@sakilacustomer.org,143,true,2006-02-14,2006-02-15 04:57:20.000,1
Eva.ramos,Sakilacustomer.org,140,1,EVA,RAMOS,EVA.RAMOS@sakilacustomer.org,144,true,2006-02-14,2006-02-15 04:57:20.000,1
Debbie.reyes,Sakilacustomer.org,141,1,DEBBIE,REYES,DEBBIE.REYES@sakilacustomer.org,145,true,2006-02-14,2006-02-15 04:57:20.000,1
April.burns,Sakilacustomer.org,142,1,APRIL,BURNS,APRIL.BURNS@sakilacustomer.org,146,true,2006-02-14,2006-02-15 04:57:20.000,1
Leslie.gordon,Sakilacustomer.org,143,1,LESLIE,GORDON,LESLIE.GORDON@sakilacustomer.org,147,true,2006-02-14,2006-02-15 04:57:20.000,1
Clara.shaw,Sakilacustomer.org,144,1,CLARA,SHAW,CLARA.SHAW@sakilacustomer.org,148,true,2006-02-14,2006-02-15 04:57:20.000,1
Lucille.holmes,Sakilacustomer.org,145,1,LUCILLE,HOLMES,LUCILLE.HOLMES@sakilacustomer.org,149,true,2006-02-14,2006-02-15 04:57:20.000,1
Jamie.rice,Sakilacustomer.org,146,1,JAMIE,RICE,JAMIE.RICE@sakilacustomer.org,150,true,2006-02-14,2006-02-15 04:57:20.000,1
Joanne.robertson,Sakilacustomer.org,147,2,JOANNE,ROBERTSON,JOANNE.ROBERTSON@sakilacustomer.org,151,true,2006-02-14,2006-02-15 04:57:20.000,1
Eleanor.hunt,Sakilacustomer.org,148,1,ELEANOR,HUNT,ELEANOR.HUNT@sakilacustomer.org,152,true,2006-02-14,2006-02-15 04:57:20.000,1
Valerie.black,Sakilacustomer.org,149,1,VALERIE,BLACK,VALERIE.BLACK@sakilacustomer.org,153,true,2006-02-14,2006-02-15 04:57:20.000,1
Danielle.daniels,Sakilacustomer.org,150,2,DANIELLE,DANIELS,DANIELLE.DANIELS@sakilacustomer.org,154,true,2006-02-14,2006-02-15 04:57:20.000,1
Megan.palmer,Sakilacustomer.org,151,2,MEGAN,PALMER,MEGAN.PALMER@sakilacustomer.org,155,true,2006-02-14,2006-02-15 04:57:20.000,1
Alicia.mills,Sakilacustomer.org,152,1,ALICIA,MILLS,ALICIA.MILLS@sakilacustomer.org,156,true,2006-02-14,2006-02-15 04:57:20.000,1
Suzanne.nichols,Sakilacustomer.org,153,2,SUZANNE,NICHOLS,SUZANNE.NICHOLS@sakilacustomer.org,157,true,2006-02-14,2006-02-15 04:57:20.000,1
Michele.grant,Sakilacustomer.org,154,2,MICHELE,GRANT,MICHELE.GRANT@sakilacustomer.org,158,true,2006-02-14,2006-02-15 04:57:20.000,1
Gail.knight,Sakilacustomer.org,155,1,GAIL,KNIGHT,GAIL.KNIGHT@sakilacustomer.org,159,true,2006-02-14,2006-02-15 04:57:20.000,1
Bertha.ferguson,Sakilacustomer.org,156,1,BERTHA,FERGUSON,BERTHA.FERGUSON@sakilacustomer.org,160,true,2006-02-14,2006-02-15 04:57:20.000,1
Darlene.rose,Sakilacustomer.org,157,2,DARLENE,ROSE,DARLENE.ROSE@sakilacustomer.org,161,true,2006-02-14,2006-02-15 04:57:20.000,1
Veronica.stone,Sakilacustomer.org,158,1,VERONICA,STONE,VERONICA.STONE@sakilacustomer.org,162,true,2006-02-14,2006-02-15 04:57:20.000,1
Jill.hawkins,Sakilacustomer.org,159,1,JILL,HAWKINS,JILL.HAWKINS@sakilacustomer.org,163,true,2006-02-14,2006-02-15 04:57:20.000,1
Erin.dunn,Sakilacustomer.org,160,2,ERIN,DUNN,ERIN.DUNN@sakilacustomer.org,164,true,2006-02-14,2006-02-15 04:57:20.000,1
Geraldine.perkins,Sakilacustomer.org,161,1,GERALDINE,PERKINS,GERALDINE.PERKINS@sakilacustomer.org,165,true,2006-02-14,2006-02-15 04:57:20.000,1
Lauren.hudson,Sakilacustomer.org,162,2,LAUREN,HUDSON,LAUREN.HUDSON@sakilacustomer.org,166,true,2006-02-14,2006-02-15 04:57:20.000,1
Cathy.spencer,Sakilacustomer.org,163,1,CATHY,SPENCER,CATHY.SPENCER@sakilacustomer.org,167,true,2006-02-14,2006-02-15 04:57:20.000,1
Joann.gardner,Sakilacustomer.org,164,2,JOANN,GARDNER,JOANN.GARDNER@sakilacustomer.org,168,true,2006-02-14,2006-02-15 04:57:20.000,1
Lorraine.stephens,Sakilacustomer.org,165,2,LORRAINE,STEPHENS,LORRAINE.STEPHENS@sakilacustomer.org,169,true,2006-02-14,2006-02-15 04:57:20.000,1
Lynn.payne,Sakilacustomer.org,166,1,LYNN,PAYNE,LYNN.PAYNE@sakilacustomer.org,170,true,2006-02-14,2006-02-15 04:57:20.000,1
Sally.pierce,Sakilacustomer.org,167,2,SALLY,PIERCE,SALLY.PIERCE@sakilacustomer.org,171,true,2006-02-14,2006-02-15 04:57:20.000,1
Regina.berry,Sakilacustomer.org,168,1,REGINA,BERRY,REGINA.BERRY@sakilacustomer.org,172,true,2006-02-14,2006-02-15 04:57:20.000,1
Erica.matthews,Sakilacustomer.org,169,2,ERICA,MATTHEWS,ERICA.MATTHEWS@sakilacustomer.org,173,true,2006-02-14,2006-02-15 04:57:20.000,0
Beatrice.arnold,Sakilacustomer.org,170,1,BEATRICE,ARNOLD,BEATRICE.ARNOLD@sakilacustomer.org,174,true,2006-02-14,2006-02-15 04:57:20.000,1
Dolores.wagner,Sakilacustomer.org,171,2,DOLORES,WAGNER,DOLORES.WAGNER@sakilacustomer.org,175,true,2006-02-14,2006-02-15 04:57:20.000,1
Bernice.willis,Sakilacustomer.org,172,1,BERNICE,WILLIS,BERNICE.WILLIS@sakilacustomer.org,176,true,2006-02-14,2006-02-15 04:57:20.000,1
Audrey.ray,Sakilacustomer.org,173,1,AUDREY,RAY,AUDREY.RAY@sakilacustomer.org,177,true,2006-02-14,2006-02-15 04:57:20.000,1
Yvonne.watkins,Sakilacustomer.org,174,2,YVONNE,WATKINS,YVONNE.WATKINS@sakilacustomer.org,178,true,2006-02-14,2006-02-15 04:57:20.000,1
Annette.olson,Sakilacustomer.org,175,1,ANNETTE,OLSON,ANNETTE.OLSON@sakilacustomer.org,179,true,2006-02-14,2006-02-15 04:57:20.000,1
June.carroll,Sakilacustomer.org,176,1,JUNE,CARROLL,JUNE.CARROLL@sakilacustomer.org,180,true,2006-02-14,2006-02-15 04:57:20.000,1
Samantha.duncan,Sakilacustomer.org,177,2,SAMANTHA,DUNCAN,SAMANTHA.DUNCAN@sakilacustomer.org,181,true,2006-02-14,2006-02-15 04:57:20.000,1
Marion.snyder,Sakilacustomer.org,178,2,MARION,SNYDER,MARION.SNYDER@sakilacustomer.org,182,true,2006-02-14,2006-02-15 04:57:20.000,1
Dana.hart,Sakilacustomer.org,179,1,DANA,HART,DANA.HART@sakilacustomer.org,183,true,2006-02-14,2006-02-15 04:57:20.000,1
Stacy.cunningham,Sakilacustomer.org,180,2,STACY,CUNNINGHAM,STACY.CUNNINGHAM@sakilacustomer.org,184,true,2006-02-14,2006-02-15 04:57:20.000,1
Ana.bradley,Sakilacustomer.org,181,2,ANA,BRADLEY,ANA.BRADLEY@sakilacustomer.org,185,true,2006-02-14,2006-02-15 04:57:20.000,1
Renee.lane,Sakilacustomer.org,182,1,RENEE,LANE,RENEE.LANE@sakilacustomer.org,186,true,2006-02-14,2006-02-15 04:57:20.000,1
Ida.andrews,Sakilacustomer.org,183,2,IDA,ANDREWS,IDA.ANDREWS@sakilacustomer.org,187,true,2006-02-14,2006-02-15 04:57:20.000,1
Vivian.ruiz,Sakilacustomer.org,184,1,VIVIAN,RUIZ,VIVIAN.RUIZ@sakilacustomer.org,188,true,2006-02-14,2006-02-15 04:57:20.000,1
Roberta.harper,Sakilacustomer.org,185,1,ROBERTA,HARPER,ROBERTA.HARPER@sakilacustomer.org,189,true,2006-02-14,2006-02-15 04:57:20.000,1
Holly.fox,Sakilacustomer.org,186,2,HOLLY,FOX,HOLLY.FOX@sakilacustomer.org,190,true,2006-02-14,2006-02-15 04:57:20.000,1
Brittany.riley,Sakilacustomer.org,187,2,BRITTANY,RILEY,BRITTANY.RILEY@sakilacustomer.org,191,true,2006-02-14,2006-02-15 04:57:20.000,1
Melanie.armstrong,Sakilacustomer.org,188,1,MELANIE,ARMSTRONG,MELANIE.ARMSTRONG@sakilacustomer.org,192,true,2006-02-14,2006-02-15 04:57:20.000,1
Loretta.carpenter,Sakilacustomer.org,189,1,LORETTA,CARPENTER,LORETTA.CARPENTER@sakilacustomer.org,193,true,2006-02-14,2006-02-15 04:57:20.000,1
Yolanda.weaver,Sakilacustomer.org,190,2,YOLANDA,WEAVER,YOLANDA.WEAVER@sakilacustomer.org,194,true,2006-02-14,2006-02-15 04:57:20.000,1
Jeanette.greene,Sakilacustomer.org,191,1,JEANETTE,GREENE,JEANETTE.GREENE@sakilacustomer.org,195,true,2006-02-14,2006-02-15 04:57:20.000,1
Laurie.lawrence,Sakilacustomer.org,192,1,LAURIE,LAWRENCE,LAURIE.LAWRENCE@sakilacustomer.org,196,true,2006-02-14,2006-02-15 04:57:20.000,1
Katie.elliott,Sakilacustomer.org,193,2,KATIE,ELLIOTT,KATIE.ELLIOTT@sakilacustomer.org,197,true,2006-02-14,2006-02-15 04:57:20.000,1
Kristen.chavez,Sakilacustomer.org,194,2,KRISTEN,CHAVEZ,KRISTEN.CHAVEZ@sakilacustomer.org,198,true,2006-02-14,2006-02-15 04:57:20.000,1
Vanessa.sims,Sakilacustomer.org,195,1,VANESSA,SIMS,VANESSA.SIMS@sakilacustomer.org,199,true,2006-02-14,2006-02-15 04:57:20.000,1
Alma.austin,Sakilacustomer.org,196,1,ALMA,AUSTIN,ALMA.AUSTIN@sakilacustomer.org,200,true,2006-02-14,2006-02-15 04:57:20.000,1
Sue.peters,Sakilacustomer.org,197,2,SUE,PETERS,SUE.PETERS@sakilacustomer.org,201,true,2006-02-14,2006-02-15 04:57:20.000,1
Elsie.kelley,Sakilacustomer.org,198,2,ELSIE,KELLEY,ELSIE.KELLEY@sakilacustomer.org,202,true,2006-02-14,2006-02-15 04:57:20.000,1
Beth.franklin,Sakilacustomer.org,199,2,BETH,FRANKLIN,BETH.FRANKLIN@sakilacustomer.org,203,true,2006-02-14,2006-02-15 04:57:20.000,1
Jeanne.lawson,Sakilacustomer.org,200,2,JEANNE,LAWSON,JEANNE.LAWSON@sakilacustomer.org,204,true,2006-02-14,2006-02-15 04:57:20.000,1
Vicki.fields,Sakilacustomer.org,201,1,VICKI,FIELDS,VICKI.FIELDS@sakilacustomer.org,205,true,2006-02-14,2006-02-15 04:57:20.000,1
Carla.gutierrez,Sakilacustomer.org,202,2,CARLA,GUTIERREZ,CARLA.GUTIERREZ@sakilacustomer.org,206,true,2006-02-14,2006-02-15 04:57:20.000,1
Tara.ryan,Sakilacustomer.org,203,1,TARA,RYAN,TARA.RYAN@sakilacustomer.org,207,true,2006-02-14,2006-02-15 04:57:20.000,1
Rosemary.schmidt,Sakilacustomer.org,204,1,ROSEMARY,SCHMIDT,ROSEMARY.SCHMIDT@sakilacustomer.org,208,true,2006-02-14,2006-02-15 04:57:20.000,1
Eileen.carr,Sakilacustomer.org,205,2,EILEEN,CARR,EILEEN.CARR@sakilacustomer.org,209,true,2006-02-14,2006-02-15 04:57:20.000,1
Terri.vasquez,Sakilacustomer.org,206,1,TERRI,VASQUEZ,TERRI.VASQUEZ@sakilacustomer.org,210,true,2006-02-14,2006-02-15 04:57:20.000,1
Gertrude.castillo,Sakilacustomer.org,207,1,GERTRUDE,CASTILLO,GERTRUDE.CASTILLO@sakilacustomer.org,211,true,2006-02-14,2006-02-15 04:57:20.000,1
Lucy.wheeler,Sakilacustomer.org,208,1,LUCY,WHEELER,LUCY.WHEELER@sakilacustomer.org,212,true,2006-02-14,2006-02-15 04:57:20.000,1
Tonya.chapman,Sakilacustomer.org,209,2,TONYA,CHAPMAN,TONYA.CHAPMAN@sakilacustomer.org,213,true,2006-02-14,2006-02-15 04:57:20.000,1
Ella.oliver,Sakilacustomer.org,210,2,ELLA,OLIVER,ELLA.OLIVER@sakilacustomer.org,214,true,2006-02-14,2006-02-15 04:57:20.000,1
Stacey.montgomery,Sakilacustomer.org,211,1,STACEY,MONTGOMERY,STACEY.MONTGOMERY@sakilacustomer.org,215,true,2006-02-14,2006-02-15 04:57:20.000,1
Wilma.richards,Sakilacustomer.org,212,2,WILMA,RICHARDS,WILMA.RICHARDS@sakilacustomer.org,216,true,2006-02-14,2006-02-15 04:57:20.000,1
Gina.williamson,Sakilacustomer.org,213,1,GINA,WILLIAMSON,GINA.WILLIAMSON@sakilacustomer.org,217,true,2006-02-14,2006-02-15 04:57:20.000,1
Kristin.johnston,Sakilacustomer.org,214,1,KRISTIN,JOHNSTON,KRISTIN.JOHNSTON@sakilacustomer.org,218,true,2006-02-14,2006-02-15 04:57:20.000,1
Jessie.banks,Sakilacustomer.org,215,2,JESSIE,BANKS,JESSIE.BANKS@sakilacustomer.org,219,true,2006-02-14,2006-02-15 04:57:20.000,1
Natalie.meyer,Sakilacustomer.org,216,1,NATALIE,MEYER,NATALIE.MEYER@sakilacustomer.org,220,true,2006-02-14,2006-02-15 04:57:20.000,1
Agnes.bishop,Sakilacustomer.org,217,2,AGNES,BISHOP,AGNES.BISHOP@sakilacustomer.org,221,true,2006-02-14,2006-02-15 04:57:20.000,1
Vera.mccoy,Sakilacustomer.org,218,1,VERA,MCCOY,VERA.MCCOY@sakilacustomer.org,222,true,2006-02-14,2006-02-15 04:57:20.000,1
Willie.howell,Sakilacustomer.org,219,2,WILLIE,HOWELL,WILLIE.HOWELL@sakilacustomer.org,223,true,2006-02-14,2006-02-15 04:57:20.000,1
Charlene.alvarez,Sakilacustomer.org,220,2,CHARLENE,ALVAREZ,CHARLENE.ALVAREZ@sakilacustomer.org,224,true,2006-02-14,2006-02-15 04:57:20.000,1
Bessie.morrison,Sakilacustomer.org,221,1,BESSIE,MORRISON,BESSIE.MORRISON@sakilacustomer.org,225,true,2006-02-14,2006-02-15 04:57:20.000,1
Delores.hansen,Sakilacustomer.org,222,2,DELORES,HANSEN,DELORES.HANSEN@sakilacustomer.org,226,true,2006-02-14,2006-02-15 04:57:20.000,1
Melinda.fernandez,Sakilacustomer.org,223,1,MELINDA,FERNANDEZ,MELINDA.FERNANDEZ@sakilacustomer.org,227,true,2006-02-14,2006-02-15 04:57:20.000,1
Pearl.garza,Sakilacustomer.org,224,2,PEARL,GARZA,PEARL.GARZA@sakilacustomer.org,228,true,2006-02-14,2006-02-15 04:57:20.000,1
Arlene.harvey,Sakilacustomer.org,225,1,ARLENE,HARVEY,ARLENE.HARVEY@sakilacustomer.org,229,true,2006-02-14,2006-02-15 04:57:20.000,1
Maureen.little,Sakilacustomer.org,226,2,MAUREEN,LITTLE,MAUREEN.LITTLE@sakilacustomer.org,230,true,2006-02-14,2006-02-15 04:57:20.000,1
Colleen.burton,Sakilacustomer.org,227,1,COLLEEN,BURTON,COLLEEN.BURTON@sakilacustomer.org,231,true,2006-02-14,2006-02-15 04:57:20.000,1
Allison.stanley,Sakilacustomer.org,228,2,ALLISON,STANLEY,ALLISON.STANLEY@sakilacustomer.org,232,true,2006-02-14,2006-02-15 04:57:20.000,1
Tamara.nguyen,Sakilacustomer.org,229,1,TAMARA,NGUYEN,TAMARA.NGUYEN@sakilacustomer.org,233,true,2006-02-14,2006-02-15 04:57:20.000,1
Joy.george,Sakilacustomer.org,230,2,JOY,GEORGE,JOY.GEORGE@sakilacustomer.org,234,true,2006-02-14,2006-02-15 04:57:20.000,1
Georgia.jacobs,Sakilacustomer.org,231,1,GEORGIA,JACOBS,GEORGIA.JACOBS@sakilacustomer.org,235,true,2006-02-14,2006-02-15 04:57:20.000,1
Constance.reid,Sakilacustomer.org,232,2,CONSTANCE,REID,CONSTANCE.REID@sakilacustomer.org,236,true,2006-02-14,2006-02-15 04:57:20.000,1
Lillie.kim,Sakilacustomer.org,233,2,LILLIE,KIM,LILLIE.KIM@sakilacustomer.org,237,true,2006-02-14,2006-02-15 04:57:20.000,1
Claudia.fuller,Sakilacustomer.org,234,1,CLAUDIA,FULLER,CLAUDIA.FULLER@sakilacustomer.org,238,true,2006-02-14,2006-02-15 04:57:20.000,1
Jackie.lynch,Sakilacustomer.org,235,1,JACKIE,LYNCH,JACKIE.LYNCH@sakilacustomer.org,239,true,2006-02-14,2006-02-15 04:57:20.000,1
Marcia.dean,Sakilacustomer.org,236,1,MARCIA,DEAN,MARCIA.DEAN@sakilacustomer.org,240,true,2006-02-14,2006-02-15 04:57:20.000,1
Tanya.gilbert,Sakilacustomer.org,237,1,TANYA,GILBERT,TANYA.GILBERT@sakilacustomer.org,241,true,2006-02-14,2006-02-15 04:57:20.000,1
Nellie.garrett,Sakilacustomer.org,238,1,NELLIE,GARRETT,NELLIE.GARRETT@sakilacustomer.org,242,true,2006-02-14,2006-02-15 04:57:20.000,1
Minnie.romero,Sakilacustomer.org,239,2,MINNIE,ROMERO,MINNIE.ROMERO@sakilacustomer.org,243,true,2006-02-14,2006-02-15 04:57:20.000,1
Marlene.welch,Sakilacustomer.org,240,1,MARLENE,WELCH,MARLENE.WELCH@sakilacustomer.org,244,true,2006-02-14,2006-02-15 04:57:20.000,1
Heidi.larson,Sakilacustomer.org,241,2,HEIDI,LARSON,HEIDI.LARSON@sakilacustomer.org,245,true,2006-02-14,2006-02-15 04:57:20.000,0
Glenda.frazier,Sakilacustomer.org,242,1,GLENDA,FRAZIER,GLENDA.FRAZIER@sakilacustomer.org,246,true,2006-02-14,2006-02-15 04:57:20.000,1
Lydia.burke,Sakilacustomer.org,243,1,LYDIA,BURKE,LYDIA.BURKE@sakilacustomer.org,247,true,2006-02-14,2006-02-15 04:57:20.000,1
Viola.hanson,Sakilacustomer.org,244,2,VIOLA,HANSON,VIOLA.HANSON@sakilacustomer.org,248,true,2006-02-14,2006-02-15 04:57:20.000,1
Courtney.day,Sakilacustomer.org,245,1,COURTNEY,DAY,COURTNEY.DAY@sakilacustomer.org,249,true,2006-02-14,2006-02-15 04:57:20.000,1
Marian.mendoza,Sakilacustomer.org,246,1,MARIAN,MENDOZA,MARIAN.MENDOZA@sakilacustomer.org,250,true,2006-02-14,2006-02-15 04:57:20.000,1
Stella.moreno,Sakilacustomer.org,247,1,STELLA,MORENO,STELLA.MORENO@sakilacustomer.org,251,true,2006-02-14,2006-02-15 04:57:20.000,1
Caroline.bowman,Sakilacustomer.org,248,1,CAROLINE,BOWMAN,CAROLINE.BOWMAN@sakilacustomer.org,252,true,2006-02-14,2006-02-15 04:57:20.000,1
Dora.medina,Sakilacustomer.org,249,2,DORA,MEDINA,DORA.MEDINA@sakilacustomer.org,253,true,2006-02-14,2006-02-15 04:57:20.000,1
Jo.fowler,Sakilacustomer.org,250,2,JO,FOWLER,JO.FOWLER@sakilacustomer.org,254,true,2006-02-14,2006-02-15 04:57:20.000,1
Vickie.brewer,Sakilacustomer.org,251,2,VICKIE,BREWER,VICKIE.BREWER@sakilacustomer.org,255,true,2006-02-14,2006-02-15 04:57:20.000,1
Mattie.hoffman,Sakilacustomer.org,252,2,MATTIE,HOFFMAN,MATTIE.HOFFMAN@sakilacustomer.org,256,true,2006-02-14,2006-02-15 04:57:20.000,1
Terry.carlson,Sakilacustomer.org,253,1,TERRY,CARLSON,TERRY.CARLSON@sakilacustomer.org,258,true,2006-02-14,2006-02-15 04:57:20.000,1
Maxine.silva,Sakilacustomer.org,254,2,MAXINE,SILVA,MAXINE.SILVA@sakilacustomer.org,259,true,2006-02-14,2006-02-15 04:57:20.000,1
Irma.pearson,Sakilacustomer.org,255,2,IRMA,PEARSON,IRMA.PEARSON@sakilacustomer.org,260,true,2006-02-14,2006-02-15 04:57:20.000,1
Mabel.holland,Sakilacustomer.org,256,2,MABEL,HOLLAND,MABEL.HOLLAND@sakilacustomer.org,261,true,2006-02-14,2006-02-15 04:57:20.000,1
Marsha.douglas,Sakilacustomer.org,257,2,MARSHA,DOUGLAS,MARSHA.DOUGLAS@sakilacustomer.org,262,true,2006-02-14,2006-02-15 04:57:20.000,1
Myrtle.fleming,Sakilacustomer.org,258,1,MYRTLE,FLEMING,MYRTLE.FLEMING@sakilacustomer.org,263,true,2006-02-14,2006-02-15 04:57:20.000,1
Lena.jensen,Sakilacustomer.org,259,2,LENA,JENSEN,LENA.JENSEN@sakilacustomer.org,264,true,2006-02-14,2006-02-15 04:57:20.000,1
Christy.vargas,Sakilacustomer.org,260,1,CHRISTY,VARGAS,CHRISTY.VARGAS@sakilacustomer.org,265,true,2006-02-14,2006-02-15 04:57:20.000,1
Deanna.byrd,Sakilacustomer.org,261,1,DEANNA,BYRD,DEANNA.BYRD@sakilacustomer.org,266,true,2006-02-14,2006-02-15 04:57:20.000,1
Patsy.davidson,Sakilacustomer.org,262,2,PATSY,DAVIDSON,PATSY.DAVIDSON@sakilacustomer.org,267,true,2006-02-14,2006-02-15 04:57:20.000,1
Hilda.hopkins,Sakilacustomer.org,263,1,HILDA,HOPKINS,HILDA.HOPKINS@sakilacustomer.org,268,true,2006-02-14,2006-02-15 04:57:20.000,1
Gwendolyn.may,Sakilacustomer.org,264,1,GWENDOLYN,MAY,GWENDOLYN.MAY@sakilacustomer.org,269,true,2006-02-14,2006-02-15 04:57:20.000,1
Jennie.terry,Sakilacustomer.org,265,2,JENNIE,TERRY,JENNIE.TERRY@sakilacustomer.org,270,true,2006-02-14,2006-02-15 04:57:20.000,1
Nora.herrera,Sakilacustomer.org,266,2,NORA,HERRERA,NORA.HERRERA@sakilacustomer.org,271,true,2006-02-14,2006-02-15 04:57:20.000,1
Margie.wade,Sakilacustomer.org,267,1,MARGIE,WADE,MARGIE.WADE@sakilacustomer.org,272,true,2006-02-14,2006-02-15 04:57:20.000,1
Nina.soto,Sakilacustomer.org,268,1,NINA,SOTO,NINA.SOTO@sakilacustomer.org,273,true,2006-02-14,2006-02-15 04:57:20.000,1
Cassandra.walters,Sakilacustomer.org,269,1,CASSANDRA,WALTERS,CASSANDRA.WALTERS@sakilacustomer.org,274,true,2006-02-14,2006-02-15 04:57:20.000,1
Leah.curtis,Sakilacustomer.org,270,1,LEAH,CURTIS,LEAH.CURTIS@sakilacustomer.org,275,true,2006-02-14,2006-02-15 04:57:20.000,1
Penny.neal,Sakilacustomer.org,271,1,PENNY,NEAL,PENNY.NEAL@sakilacustomer.org,276,true,2006-02-14,2006-02-15 04:57:20.000,0
Kay.caldwell,Sakilacustomer.org,272,1,KAY,CALDWELL,KAY.CALDWELL@sakilacustomer.org,277,true,2006-02-14,2006-02-15 04:57:20.000,1
Priscilla.lowe,Sakilacustomer.org,273,2,PRISCILLA,LOWE,PRISCILLA.LOWE@sakilacustomer.org,278,true,2006-02-14,2006-02-15 04:57:20.000,1
Naomi.jennings,Sakilacustomer.org,274,1,NAOMI,JENNINGS,NAOMI.JENNINGS@sakilacustomer.org,279,true,2006-02-14,2006-02-15 04:57:20.000,1
Carole.barnett,Sakilacustomer.org,275,2,CAROLE,BARNETT,CAROLE.BARNETT@sakilacustomer.org,280,true,2006-02-14,2006-02-15 04:57:20.000,1
Brandy.graves,Sakilacustomer.org,276,1,BRANDY,GRAVES,BRANDY.GRAVES@sakilacustomer.org,281,true,2006-02-14,2006-02-15 04:57:20.000,1
Olga.jimenez,Sakilacustomer.org,277,2,OLGA,JIMENEZ,OLGA.JIMENEZ@sakilacustomer.org,282,true,2006-02-14,2006-02-15 04:57:20.000,1
Billie.horton,Sakilacustomer.org,278,2,BILLIE,HORTON,BILLIE.HORTON@sakilacustomer.org,283,true,2006-02-14,2006-02-15 04:57:20.000,1
Dianne.shelton,Sakilacustomer.org,279,2,DIANNE,SHELTON,DIANNE.SHELTON@sakilacustomer.org,284,true,2006-02-14,2006-02-15 04:57:20.000,1
Tracey.barrett,Sakilacustomer.org,280,2,TRACEY,BARRETT,TRACEY.BARRETT@sakilacustomer.org,285,true,2006-02-14,2006-02-15 04:57:20.000,1
Leona.obrien,Sakilacustomer.org,281,2,LEONA,OBRIEN,LEONA.OBRIEN@sakilacustomer.org,286,true,2006-02-14,2006-02-15 04:57:20.000,1
Jenny.castro,Sakilacustomer.org,282,2,JENNY,CASTRO,JENNY.CASTRO@sakilacustomer.org,287,true,2006-02-14,2006-02-15 04:57:20.000,1
Felicia.sutton,Sakilacustomer.org,283,1,FELICIA,SUTTON,FELICIA.SUTTON@sakilacustomer.org,288,true,2006-02-14,2006-02-15 04:57:20.000,1
Sonia.gregory,Sakilacustomer.org,284,1,SONIA,GREGORY,SONIA.GREGORY@sakilacustomer.org,289,true,2006-02-14,2006-02-15 04:57:20.000,1
Miriam.mckinney,Sakilacustomer.org,285,1,MIRIAM,MCKINNEY,MIRIAM.MCKINNEY@sakilacustomer.org,290,true,2006-02-14,2006-02-15 04:57:20.000,1
Velma.lucas,Sakilacustomer.org,286,1,VELMA,LUCAS,VELMA.LUCAS@sakilacustomer.org,291,true,2006-02-14,2006-02-15 04:57:20.000,1
Becky.miles,Sakilacustomer.org,287,2,BECKY,MILES,BECKY.MILES@sakilacustomer.org,292,true,2006-02-14,2006-02-15 04:57:20.000,1
Bobbie.craig,Sakilacustomer.org,288,1,BOBBIE,CRAIG,BOBBIE.CRAIG@sakilacustomer.org,293,true,2006-02-14,2006-02-15 04:57:20.000,1
Violet.rodriquez,Sakilacustomer.org,289,1,VIOLET,RODRIQUEZ,VIOLET.RODRIQUEZ@sakilacustomer.org,294,true,2006-02-14,2006-02-15 04:57:20.000,1
Kristina.chambers,Sakilacustomer.org,290,1,KRISTINA,CHAMBERS,KRISTINA.CHAMBERS@sakilacustomer.org,295,true,2006-02-14,2006-02-15 04:57:20.000,1
Toni.holt,Sakilacustomer.org,291,1,TONI,HOLT,TONI.HOLT@sakilacustomer.org,296,true,2006-02-14,2006-02-15 04:57:20.000,1
Misty.lambert,Sakilacustomer.org,292,2,MISTY,LAMBERT,MISTY.LAMBERT@sakilacustomer.org,297,true,2006-02-14,2006-02-15 04:57:20.000,1
Mae.fletcher,Sakilacustomer.org,293,2,MAE,FLETCHER,MAE.FLETCHER@sakilacustomer.org,298,true,2006-02-14,2006-02-15 04:57:20.000,1
Shelly.watts,Sakilacustomer.org,294,2,SHELLY,WATTS,SHELLY.WATTS@sakilacustomer.org,299,true,2006-02-14,2006-02-15 04:57:20.000,1
Daisy.bates,Sakilacustomer.org,295,1,DAISY,BATES,DAISY.BATES@sakilacustomer.org,300,true,2006-02-14,2006-02-15 04:57:20.000,1
Ramona.hale,Sakilacustomer.org,296,2,RAMONA,HALE,RAMONA.HALE@sakilacustomer.org,301,true,2006-02-14,2006-02-15 04:57:20.000,1
Sherri.rhodes,Sakilacustomer.org,297,1,SHERRI,RHODES,SHERRI.RHODES@sakilacustomer.org,302,true,2006-02-14,2006-02-15 04:57:20.000,1
Erika.pena,Sakilacustomer.org,298,1,ERIKA,PENA,ERIKA.PENA@sakilacustomer.org,303,true,2006-02-14,2006-02-15 04:57:20.000,1
James.gannon,Sakilacustomer.org,299,2,JAMES,GANNON,JAMES.GANNON@sakilacustomer.org,304,true,2006-02-14,2006-02-15 04:57:20.000,1
John.farnsworth,Sakilacustomer.org,300,1,JOHN,FARNSWORTH,JOHN.FARNSWORTH@sakilacustomer.org,305,true,2006-02-14,2006-02-15 04:57:20.000,1
Robert.baughman,Sakilacustomer.org,301,2,ROBERT,BAUGHMAN,ROBERT.BAUGHMAN@sakilacustomer.org,306,true,2006-02-14,2006-02-15 04:57:20.000,1
Michael.silverman,Sakilacustomer.org,302,1,MICHAEL,SILVERMAN,MICHAEL.SILVERMAN@sakilacustomer.org,307,true,2006-02-14,2006-02-15 04:57:20.000,1
William.satterfield,Sakilacustomer.org,303,2,WILLIAM,SATTERFIELD,WILLIAM.SATTERFIELD@sakilacustomer.org,308,true,2006-02-14,2006-02-15 04:57:20.000,1
David.royal,Sakilacustomer.org,304,2,DAVID,ROYAL,DAVID.ROYAL@sakilacustomer.org,309,true,2006-02-14,2006-02-15 04:57:20.000,1
Richard.mccrary,Sakilacustomer.org,305,1,RICHARD,MCCRARY,RICHARD.MCCRARY@sakilacustomer.org,310,true,2006-02-14,2006-02-15 04:57:20.000,1
Charles.kowalski,Sakilacustomer.org,306,1,CHARLES,KOWALSKI,CHARLES.KOWALSKI@sakilacustomer.org,311,true,2006-02-14,2006-02-15 04:57:20.000,1
Joseph.joy,Sakilacustomer.org,307,2,JOSEPH,JOY,JOSEPH.JOY@sakilacustomer.org,312,true,2006-02-14,2006-02-15 04:57:20.000,1
Thomas.grigsby,Sakilacustomer.org,308,1,THOMAS,GRIGSBY,THOMAS.GRIGSBY@sakilacustomer.org,313,true,2006-02-14,2006-02-15 04:57:20.000,1
Christopher.greco,Sakilacustomer.org,309,1,CHRISTOPHER,GRECO,CHRISTOPHER.GRECO@sakilacustomer.org,314,true,2006-02-14,2006-02-15 04:57:20.000,1
Daniel.cabral,Sakilacustomer.org,310,2,DANIEL,CABRAL,DANIEL.CABRAL@sakilacustomer.org,315,true,2006-02-14,2006-02-15 04:57:20.000,1
Paul.trout,Sakilacustomer.org,311,2,PAUL,TROUT,PAUL.TROUT@sakilacustomer.org,316,true,2006-02-14,2006-02-15 04:57:20.000,1
Mark.rinehart,Sakilacustomer.org,312,2,MARK,RINEHART,MARK.RINEHART@sakilacustomer.org,317,true,2006-02-14,2006-02-15 04:57:20.000,1
Donald.mahon,Sakilacustomer.org,313,2,DONALD,MAHON,DONALD.MAHON@sakilacustomer.org,318,true,2006-02-14,2006-02-15 04:57:20.000,1
George.linton,Sakilacustomer.org,314,1,GEORGE,LINTON,GEORGE.LINTON@sakilacustomer.org,319,true,2006-02-14,2006-02-15 04:57:20.000,1
Kenneth.gooden,Sakilacustomer.org,315,2,KENNETH,GOODEN,KENNETH.GOODEN@sakilacustomer.org,320,true,2006-02-14,2006-02-15 04:57:20.000,0
Steven.curley,Sakilacustomer.org,316,1,STEVEN,CURLEY,STEVEN.CURLEY@sakilacustomer.org,321,true,2006-02-14,2006-02-15 04:57:20.000,1
Edward.baugh,Sakilacustomer.org,317,2,EDWARD,BAUGH,EDWARD.BAUGH@sakilacustomer.org,322,true,2006-02-14,2006-02-15 04:57:20.000,1
Brian.wyman,Sakilacustomer.org,318,1,BRIAN,WYMAN,BRIAN.WYMAN@sakilacustomer.org,323,true,2006-02-14,2006-02-15 04:57:20.000,1
Ronald.weiner,Sakilacustomer.org,319,2,RONALD,WEINER,RONALD.WEINER@sakilacustomer.org,324,true,2006-02-14,2006-02-15 04:57:20.000,1
Anthony.schwab,Sakilacustomer.org,320,2,ANTHONY,SCHWAB,ANTHONY.SCHWAB@sakilacustomer.org,325,true,2006-02-14,2006-02-15 04:57:20.000,1
Kevin.schuler,Sakilacustomer.org,321,1,KEVIN,SCHULER,KEVIN.SCHULER@sakilacustomer.org,326,true,2006-02-14,2006-02-15 04:57:20.000,1
Jason.morrissey,Sakilacustomer.org,322,1,JASON,MORRISSEY,JASON.MORRISSEY@sakilacustomer.org,327,true,2006-02-14,2006-02-15 04:57:20.000,1
Matthew.mahan,Sakilacustomer.org,323,2,MATTHEW,MAHAN,MATTHEW.MAHAN@sakilacustomer.org,328,true,2006-02-14,2006-02-15 04:57:20.000,1
Gary.coy,Sakilacustomer.org,324,2,GARY,COY,GARY.COY@sakilacustomer.org,329,true,2006-02-14,2006-02-15 04:57:20.000,1
Timothy.bunn,Sakilacustomer.org,325,1,TIMOTHY,BUNN,TIMOTHY.BUNN@sakilacustomer.org,330,true,2006-02-14,2006-02-15 04:57:20.000,1
Jose.andrew,Sakilacustomer.org,326,1,JOSE,ANDREW,JOSE.ANDREW@sakilacustomer.org,331,true,2006-02-14,2006-02-15 04:57:20.000,1
Larry.thrasher,Sakilacustomer.org,327,2,LARRY,THRASHER,LARRY.THRASHER@sakilacustomer.org,332,true,2006-02-14,2006-02-15 04:57:20.000,1
Jeffrey.spear,Sakilacustomer.org,328,2,JEFFREY,SPEAR,JEFFREY.SPEAR@sakilacustomer.org,333,true,2006-02-14,2006-02-15 04:57:20.000,1
Frank.waggoner,Sakilacustomer.org,329,2,FRANK,WAGGONER,FRANK.WAGGONER@sakilacustomer.org,334,true,2006-02-14,2006-02-15 04:57:20.000,1
Scott.shelley,Sakilacustomer.org,330,1,SCOTT,SHELLEY,SCOTT.SHELLEY@sakilacustomer.org,335,true,2006-02-14,2006-02-15 04:57:20.000,1
Eric.robert,Sakilacustomer.org,331,1,ERIC,ROBERT,ERIC.ROBERT@sakilacustomer.org,336,true,2006-02-14,2006-02-15 04:57:20.000,1
Stephen.qualls,Sakilacustomer.org,332,1,STEPHEN,QUALLS,STEPHEN.QUALLS@sakilacustomer.org,337,true,2006-02-14,2006-02-15 04:57:20.000,1
Andrew.purdy,Sakilacustomer.org,333,2,ANDREW,PURDY,ANDREW.PURDY@sakilacustomer.org,338,true,2006-02-14,2006-02-15 04:57:20.000,1
Raymond.mcwhorter,Sakilacustomer.org,334,2,RAYMOND,MCWHORTER,RAYMOND.MCWHORTER@sakilacustomer.org,339,true,2006-02-14,2006-02-15 04:57:20.000,1
Gregory.mauldin,Sakilacustomer.org,335,1,GREGORY,MAULDIN,GREGORY.MAULDIN@sakilacustomer.org,340,true,2006-02-14,2006-02-15 04:57:20.000,1
Joshua.mark,Sakilacustomer.org,336,1,JOSHUA,MARK,JOSHUA.MARK@sakilacustomer.org,341,true,2006-02-14,2006-02-15 04:57:20.000,1
Jerry.jordon,Sakilacustomer.org,337,1,JERRY,JORDON,JERRY.JORDON@sakilacustomer.org,342,true,2006-02-14,2006-02-15 04:57:20.000,1
Dennis.gilman,Sakilacustomer.org,338,1,DENNIS,GILMAN,DENNIS.GILMAN@sakilacustomer.org,343,true,2006-02-14,2006-02-15 04:57:20.000,1
Walter.perryman,Sakilacustomer.org,339,2,WALTER,PERRYMAN,WALTER.PERRYMAN@sakilacustomer.org,344,true,2006-02-14,2006-02-15 04:57:20.000,1
Patrick.newsom,Sakilacustomer.org,340,1,PATRICK,NEWSOM,PATRICK.NEWSOM@sakilacustomer.org,345,true,2006-02-14,2006-02-15 04:57:20.000,1
Peter.menard,Sakilacustomer.org,341,1,PETER,MENARD,PETER.MENARD@sakilacustomer.org,346,true,2006-02-14,2006-02-15 04:57:20.000,1
Harold.martino,Sakilacustomer.org,342,1,HAROLD,MARTINO,HAROLD.MARTINO@sakilacustomer.org,347,true,2006-02-14,2006-02-15 04:57:20.000,1
Douglas.graf,Sakilacustomer.org,343,1,DOUGLAS,GRAF,DOUGLAS.GRAF@sakilacustomer.org,348,true,2006-02-14,2006-02-15 04:57:20.000,1
Henry.billingsley,Sakilacustomer.org,344,1,HENRY,BILLINGSLEY,HENRY.BILLINGSLEY@sakilacustomer.org,349,true,2006-02-14,2006-02-15 04:57:20.000,1
Carl.artis,Sakilacustomer.org,345,1,CARL,ARTIS,CARL.ARTIS@sakilacustomer.org,350,true,2006-02-14,2006-02-15 04:57:20.000,1
Arthur.simpkins,Sakilacustomer.org,346,1,ARTHUR,SIMPKINS,ARTHUR.SIMPKINS@sakilacustomer.org,351,true,2006-02-14,2006-02-15 04:57:20.000,1
Ryan.salisbury,Sakilacustomer.org,347,2,RYAN,SALISBURY,RYAN.SALISBURY@sakilacustomer.org,352,true,2006-02-14,2006-02-15 04:57:20.000,1
Roger.quintanilla,Sakilacustomer.org,348,2,ROGER,QUINTANILLA,ROGER.QUINTANILLA@sakilacustomer.org,353,true,2006-02-14,2006-02-15 04:57:20.000,1
Joe.gilliland,Sakilacustomer.org,349,2,JOE,GILLILAND,JOE.GILLILAND@sakilacustomer.org,354,true,2006-02-14,2006-02-15 04:57:20.000,1
Juan.fraley,Sakilacustomer.org,350,1,JUAN,FRALEY,JUAN.FRALEY@sakilacustomer.org,355,true,2006-02-14,2006-02-15 04:57:20.000,1
Jack.foust,Sakilacustomer.org,351,1,JACK,FOUST,JACK.FOUST@sakilacustomer.org,356,true,2006-02-14,2006-02-15 04:57:20.000,1
Albert.crouse,Sakilacustomer.org,352,1,ALBERT,CROUSE,ALBERT.CROUSE@sakilacustomer.org,357,true,2006-02-14,2006-02-15 04:57:20.000,1
Jonathan.scarborough,Sakilacustomer.org,353,1,JONATHAN,SCARBOROUGH,JONATHAN.SCARBOROUGH@sakilacustomer.org,358,true,2006-02-14,2006-02-15 04:57:20.000,1
Justin.ngo,Sakilacustomer.org,354,2,JUSTIN,NGO,JUSTIN.NGO@sakilacustomer.org,359,true,2006-02-14,2006-02-15 04:57:20.000,1
Terry.grissom,Sakilacustomer.org,355,2,TERRY,GRISSOM,TERRY.GRISSOM@sakilacustomer.org,360,true,2006-02-14,2006-02-15 04:57:20.000,1
Gerald.fultz,Sakilacustomer.org,356,2,GERALD,FULTZ,GERALD.FULTZ@sakilacustomer.org,361,true,2006-02-14,2006-02-15 04:57:20.000,1
Keith.rico,Sakilacustomer.org,357,1,KEITH,RICO,KEITH.RICO@sakilacustomer.org,362,true,2006-02-14,2006-02-15 04:57:20.000,1
Samuel.marlow,Sakilacustomer.org,358,2,SAMUEL,MARLOW,SAMUEL.MARLOW@sakilacustomer.org,363,true,2006-02-14,2006-02-15 04:57:20.000,1
Willie.markham,Sakilacustomer.org,359,2,WILLIE,MARKHAM,WILLIE.MARKHAM@sakilacustomer.org,364,true,2006-02-14,2006-02-15 04:57:20.000,1
Ralph.madrigal,Sakilacustomer.org,360,2,RALPH,MADRIGAL,RALPH.MADRIGAL@sakilacustomer.org,365,true,2006-02-14,2006-02-15 04:57:20.000,1
Lawrence.lawton,Sakilacustomer.org,361,2,LAWRENCE,LAWTON,LAWRENCE.LAWTON@sakilacustomer.org,366,true,2006-02-14,2006-02-15 04:57:20.000,1
Nicholas.barfield,Sakilacustomer.org,362,1,NICHOLAS,BARFIELD,NICHOLAS.BARFIELD@sakilacustomer.org,367,true,2006-02-14,2006-02-15 04:57:20.000,1
Roy.whiting,Sakilacustomer.org,363,2,ROY,WHITING,ROY.WHITING@sakilacustomer.org,368,true,2006-02-14,2006-02-15 04:57:20.000,1
Benjamin.varney,Sakilacustomer.org,364,1,BENJAMIN,VARNEY,BENJAMIN.VARNEY@sakilacustomer.org,369,true,2006-02-14,2006-02-15 04:57:20.000,1
Bruce.schwarz,Sakilacustomer.org,365,2,BRUCE,SCHWARZ,BRUCE.SCHWARZ@sakilacustomer.org,370,true,2006-02-14,2006-02-15 04:57:20.000,1
Brandon.huey,Sakilacustomer.org,366,1,BRANDON,HUEY,BRANDON.HUEY@sakilacustomer.org,371,true,2006-02-14,2006-02-15 04:57:20.000,1
Adam.gooch,Sakilacustomer.org,367,1,ADAM,GOOCH,ADAM.GOOCH@sakilacustomer.org,372,true,2006-02-14,2006-02-15 04:57:20.000,1
Harry.arce,Sakilacustomer.org,368,1,HARRY,ARCE,HARRY.ARCE@sakilacustomer.org,373,true,2006-02-14,2006-02-15 04:57:20.000,0
Fred.wheat,Sakilacustomer.org,369,2,FRED,WHEAT,FRED.WHEAT@sakilacustomer.org,374,true,2006-02-14,2006-02-15 04:57:20.000,1
Wayne.truong,Sakilacustomer.org,370,2,WAYNE,TRUONG,WAYNE.TRUONG@sakilacustomer.org,375,true,2006-02-14,2006-02-15 04:57:20.000,1
Billy.poulin,Sakilacustomer.org,371,1,BILLY,POULIN,BILLY.POULIN@sakilacustomer.org,376,true,2006-02-14,2006-02-15 04:57:20.000,1
Steve.mackenzie,Sakilacustomer.org,372,2,STEVE,MACKENZIE,STEVE.MACKENZIE@sakilacustomer.org,377,true,2006-02-14,2006-02-15 04:57:20.000,1
Louis.leone,Sakilacustomer.org,373,1,LOUIS,LEONE,LOUIS.LEONE@sakilacustomer.org,378,true,2006-02-14,2006-02-15 04:57:20.000,1
Jeremy.hurtado,Sakilacustomer.org,374,2,JEREMY,HURTADO,JEREMY.HURTADO@sakilacustomer.org,379,true,2006-02-14,2006-02-15 04:57:20.000,1
Aaron.selby,Sakilacustomer.org,375,2,AARON,SELBY,AARON.SELBY@sakilacustomer.org,380,true,2006-02-14,2006-02-15 04:57:20.000,1
Randy.gaither,Sakilacustomer.org,376,1,RANDY,GAITHER,RANDY.GAITHER@sakilacustomer.org,381,true,2006-02-14,2006-02-15 04:57:20.000,1
Howard.fortner,Sakilacustomer.org,377,1,HOWARD,FORTNER,HOWARD.FORTNER@sakilacustomer.org,382,true,2006-02-14,2006-02-15 04:57:20.000,1
Eugene.culpepper,Sakilacustomer.org,378,1,EUGENE,CULPEPPER,EUGENE.CULPEPPER@sakilacustomer.org,383,true,2006-02-14,2006-02-15 04:57:20.000,1
Carlos.coughlin,Sakilacustomer.org,379,1,CARLOS,COUGHLIN,CARLOS.COUGHLIN@sakilacustomer.org,384,true,2006-02-14,2006-02-15 04:57:20.000,1
Russell.brinson,Sakilacustomer.org,380,1,RUSSELL,BRINSON,RUSSELL.BRINSON@sakilacustomer.org,385,true,2006-02-14,2006-02-15 04:57:20.000,1
Bobby.boudreau,Sakilacustomer.org,381,2,BOBBY,BOUDREAU,BOBBY.BOUDREAU@sakilacustomer.org,386,true,2006-02-14,2006-02-15 04:57:20.000,1
Victor.barkley,Sakilacustomer.org,382,2,VICTOR,BARKLEY,VICTOR.BARKLEY@sakilacustomer.org,387,true,2006-02-14,2006-02-15 04:57:20.000,1
Martin.bales,Sakilacustomer.org,383,1,MARTIN,BALES,MARTIN.BALES@sakilacustomer.org,388,true,2006-02-14,2006-02-15 04:57:20.000,1
Ernest.stepp,Sakilacustomer.org,384,2,ERNEST,STEPP,ERNEST.STEPP@sakilacustomer.org,389,true,2006-02-14,2006-02-15 04:57:20.000,1
Phillip.holm,Sakilacustomer.org,385,1,PHILLIP,HOLM,PHILLIP.HOLM@sakilacustomer.org,390,true,2006-02-14,2006-02-15 04:57:20.000,1
Todd.tan,Sakilacustomer.org,386,1,TODD,TAN,TODD.TAN@sakilacustomer.org,391,true,2006-02-14,2006-02-15 04:57:20.000,1
Jesse.schilling,Sakilacustomer.org,387,2,JESSE,SCHILLING,JESSE.SCHILLING@sakilacustomer.org,392,true,2006-02-14,2006-02-15 04:57:20.000,1
Craig.morrell,Sakilacustomer.org,388,2,CRAIG,MORRELL,CRAIG.MORRELL@sakilacustomer.org,393,true,2006-02-14,2006-02-15 04:57:20.000,1
Alan.kahn,Sakilacustomer.org,389,1,ALAN,KAHN,ALAN.KAHN@sakilacustomer.org,394,true,2006-02-14,2006-02-15 04:57:20.000,1
Shawn.heaton,Sakilacustomer.org,390,1,SHAWN,HEATON,SHAWN.HEATON@sakilacustomer.org,395,true,2006-02-14,2006-02-15 04:57:20.000,1
Clarence.gamez,Sakilacustomer.org,391,1,CLARENCE,GAMEZ,CLARENCE.GAMEZ@sakilacustomer.org,396,true,2006-02-14,2006-02-15 04:57:20.000,1
Sean.douglass,Sakilacustomer.org,392,2,SEAN,DOUGLASS,SEAN.DOUGLASS@sakilacustomer.org,397,true,2006-02-14,2006-02-15 04:57:20.000,1
Philip.causey,Sakilacustomer.org,393,1,PHILIP,CAUSEY,PHILIP.CAUSEY@sakilacustomer.org,398,true,2006-02-14,2006-02-15 04:57:20.000,1
Chris.brothers,Sakilacustomer.org,394,2,CHRIS,BROTHERS,CHRIS.BROTHERS@sakilacustomer.org,399,true,2006-02-14,2006-02-15 04:57:20.000,1
Johnny.turpin,Sakilacustomer.org,395,2,JOHNNY,TURPIN,JOHNNY.TURPIN@sakilacustomer.org,400,true,2006-02-14,2006-02-15 04:57:20.000,1
Earl.shanks,Sakilacustomer.org,396,1,EARL,SHANKS,EARL.SHANKS@sakilacustomer.org,401,true,2006-02-14,2006-02-15 04:57:20.000,1
Jimmy.schrader,Sakilacustomer.org,397,1,JIMMY,SCHRADER,JIMMY.SCHRADER@sakilacustomer.org,402,true,2006-02-14,2006-02-15 04:57:20.000,1
Antonio.meek,Sakilacustomer.org,398,1,ANTONIO,MEEK,ANTONIO.MEEK@sakilacustomer.org,403,true,2006-02-14,2006-02-15 04:57:20.000,1
Danny.isom,Sakilacustomer.org,399,1,DANNY,ISOM,DANNY.ISOM@sakilacustomer.org,404,true,2006-02-14,2006-02-15 04:57:20.000,1
Bryan.hardison,Sakilacustomer.org,400,2,BRYAN,HARDISON,BRYAN.HARDISON@sakilacustomer.org,405,true,2006-02-14,2006-02-15 04:57:20.000,1
Tony.carranza,Sakilacustomer.org,401,2,TONY,CARRANZA,TONY.CARRANZA@sakilacustomer.org,406,true,2006-02-14,2006-02-15 04:57:20.000,1
Luis.yanez,Sakilacustomer.org,402,1,LUIS,YANEZ,LUIS.YANEZ@sakilacustomer.org,407,true,2006-02-14,2006-02-15 04:57:20.000,1
Mike.way,Sakilacustomer.org,403,1,MIKE,WAY,MIKE.WAY@sakilacustomer.org,408,true,2006-02-14,2006-02-15 04:57:20.000,1
Stanley.scroggins,Sakilacustomer.org,404,2,STANLEY,SCROGGINS,STANLEY.SCROGGINS@sakilacustomer.org,409,true,2006-02-14,2006-02-15 04:57:20.000,1
Leonard.schofield,Sakilacustomer.org,405,1,LEONARD,SCHOFIELD,LEONARD.SCHOFIELD@sakilacustomer.org,410,true,2006-02-14,2006-02-15 04:57:20.000,1
Nathan.runyon,Sakilacustomer.org,406,1,NATHAN,RUNYON,NATHAN.RUNYON@sakilacustomer.org,411,true,2006-02-14,2006-02-15 04:57:20.000,0
Dale.ratcliff,Sakilacustomer.org,407,1,DALE,RATCLIFF,DALE.RATCLIFF@sakilacustomer.org,412,true,2006-02-14,2006-02-15 04:57:20.000,1
Manuel.murrell,Sakilacustomer.org,408,1,MANUEL,MURRELL,MANUEL.MURRELL@sakilacustomer.org,413,true,2006-02-14,2006-02-15 04:57:20.000,1
Rodney.moeller,Sakilacustomer.org,409,2,RODNEY,MOELLER,RODNEY.MOELLER@sakilacustomer.org,414,true,2006-02-14,2006-02-15 04:57:20.000,1
Curtis.irby,Sakilacustomer.org,410,2,CURTIS,IRBY,CURTIS.IRBY@sakilacustomer.org,415,true,2006-02-14,2006-02-15 04:57:20.000,1
Norman.currier,Sakilacustomer.org,411,1,NORMAN,CURRIER,NORMAN.CURRIER@sakilacustomer.org,416,true,2006-02-14,2006-02-15 04:57:20.000,1
Allen.butterfield,Sakilacustomer.org,412,2,ALLEN,BUTTERFIELD,ALLEN.BUTTERFIELD@sakilacustomer.org,417,true,2006-02-14,2006-02-15 04:57:20.000,1
Marvin.yee,Sakilacustomer.org,413,2,MARVIN,YEE,MARVIN.YEE@sakilacustomer.org,418,true,2006-02-14,2006-02-15 04:57:20.000,1
Vincent.ralston,Sakilacustomer.org,414,1,VINCENT,RALSTON,VINCENT.RALSTON@sakilacustomer.org,419,true,2006-02-14,2006-02-15 04:57:20.000,1
Glenn.pullen,Sakilacustomer.org,415,1,GLENN,PULLEN,GLENN.PULLEN@sakilacustomer.org,420,true,2006-02-14,2006-02-15 04:57:20.000,1
Jeffery.pinson,Sakilacustomer.org,416,2,JEFFERY,PINSON,JEFFERY.PINSON@sakilacustomer.org,421,true,2006-02-14,2006-02-15 04:57:20.000,1
Travis.estep,Sakilacustomer.org,417,1,TRAVIS,ESTEP,TRAVIS.ESTEP@sakilacustomer.org,422,true,2006-02-14,2006-02-15 04:57:20.000,1
Jeff.east,Sakilacustomer.org,418,2,JEFF,EAST,JEFF.EAST@sakilacustomer.org,423,true,2006-02-14,2006-02-15 04:57:20.000,1
Chad.carbone,Sakilacustomer.org,419,1,CHAD,CARBONE,CHAD.CARBONE@sakilacustomer.org,424,true,2006-02-14,2006-02-15 04:57:20.000,1
Jacob.lance,Sakilacustomer.org,420,1,JACOB,LANCE,JACOB.LANCE@sakilacustomer.org,425,true,2006-02-14,2006-02-15 04:57:20.000,1
Lee.hawks,Sakilacustomer.org,421,1,LEE,HAWKS,LEE.HAWKS@sakilacustomer.org,426,true,2006-02-14,2006-02-15 04:57:20.000,1
Melvin.ellington,Sakilacustomer.org,422,1,MELVIN,ELLINGTON,MELVIN.ELLINGTON@sakilacustomer.org,427,true,2006-02-14,2006-02-15 04:57:20.000,1
Alfred.casillas,Sakilacustomer.org,423,2,ALFRED,CASILLAS,ALFRED.CASILLAS@sakilacustomer.org,428,true,2006-02-14,2006-02-15 04:57:20.000,1
Kyle.spurlock,Sakilacustomer.org,424,2,KYLE,SPURLOCK,KYLE.SPURLOCK@sakilacustomer.org,429,true,2006-02-14,2006-02-15 04:57:20.000,1
Francis.sikes,Sakilacustomer.org,425,2,FRANCIS,SIKES,FRANCIS.SIKES@sakilacustomer.org,430,true,2006-02-14,2006-02-15 04:57:20.000,1
Bradley.motley,Sakilacustomer.org,426,1,BRADLEY,MOTLEY,BRADLEY.MOTLEY@sakilacustomer.org,431,true,2006-02-14,2006-02-15 04:57:20.000,1
Jesus.mccartney,Sakilacustomer.org,427,2,JESUS,MCCARTNEY,JESUS.MCCARTNEY@sakilacustomer.org,432,true,2006-02-14,2006-02-15 04:57:20.000,1
Herbert.kruger,Sakilacustomer.org,428,2,HERBERT,KRUGER,HERBERT.KRUGER@sakilacustomer.org,433,true,2006-02-14,2006-02-15 04:57:20.000,1
Frederick.isbell,Sakilacustomer.org,429,2,FREDERICK,ISBELL,FREDERICK.ISBELL@sakilacustomer.org,434,true,2006-02-14,2006-02-15 04:57:20.000,1
Ray.houle,Sakilacustomer.org,430,1,RAY,HOULE,RAY.HOULE@sakilacustomer.org,435,true,2006-02-14,2006-02-15 04:57:20.000,1
Joel.francisco,Sakilacustomer.org,431,2,JOEL,FRANCISCO,JOEL.FRANCISCO@sakilacustomer.org,436,true,2006-02-14,2006-02-15 04:57:20.000,1
Edwin.burk,Sakilacustomer.org,432,1,EDWIN,BURK,EDWIN.BURK@sakilacustomer.org,437,true,2006-02-14,2006-02-15 04:57:20.000,1
Don.bone,Sakilacustomer.org,433,1,DON,BONE,DON.BONE@sakilacustomer.org,438,true,2006-02-14,2006-02-15 04:57:20.000,1
Eddie.tomlin,Sakilacustomer.org,434,1,EDDIE,TOMLIN,EDDIE.TOMLIN@sakilacustomer.org,439,true,2006-02-14,2006-02-15 04:57:20.000,1
Ricky.shelby,Sakilacustomer.org,435,2,RICKY,SHELBY,RICKY.SHELBY@sakilacustomer.org,440,true,2006-02-14,2006-02-15 04:57:20.000,1
Troy.quigley,Sakilacustomer.org,436,1,TROY,QUIGLEY,TROY.QUIGLEY@sakilacustomer.org,441,true,2006-02-14,2006-02-15 04:57:20.000,1
Randall.neumann,Sakilacustomer.org,437,2,RANDALL,NEUMANN,RANDALL.NEUMANN@sakilacustomer.org,442,true,2006-02-14,2006-02-15 04:57:20.000,1
Barry.lovelace,Sakilacustomer.org,438,1,BARRY,LOVELACE,BARRY.LOVELACE@sakilacustomer.org,443,true,2006-02-14,2006-02-15 04:57:20.000,1
Alexander.fennell,Sakilacustomer.org,439,2,ALEXANDER,FENNELL,ALEXANDER.FENNELL@sakilacustomer.org,444,true,2006-02-14,2006-02-15 04:57:20.000,1
Bernard.colby,Sakilacustomer.org,440,1,BERNARD,COLBY,BERNARD.COLBY@sakilacustomer.org,445,true,2006-02-14,2006-02-15 04:57:20.000,1
Mario.cheatham,Sakilacustomer.org,441,1,MARIO,CHEATHAM,MARIO.CHEATHAM@sakilacustomer.org,446,true,2006-02-14,2006-02-15 04:57:20.000,1
Leroy.bustamante,Sakilacustomer.org,442,1,LEROY,BUSTAMANTE,LEROY.BUSTAMANTE@sakilacustomer.org,447,true,2006-02-14,2006-02-15 04:57:20.000,1
Francisco.skidmore,Sakilacustomer.org,443,2,FRANCISCO,SKIDMORE,FRANCISCO.SKIDMORE@sakilacustomer.org,448,true,2006-02-14,2006-02-15 04:57:20.000,1
Marcus.hidalgo,Sakilacustomer.org,444,2,MARCUS,HIDALGO,MARCUS.HIDALGO@sakilacustomer.org,449,true,2006-02-14,2006-02-15 04:57:20.000,1
Micheal.forman,Sakilacustomer.org,445,1,MICHEAL,FORMAN,MICHEAL.FORMAN@sakilacustomer.org,450,true,2006-02-14,2006-02-15 04:57:20.000,1
Theodore.culp,Sakilacustomer.org,446,2,THEODORE,CULP,THEODORE.CULP@sakilacustomer.org,451,true,2006-02-14,2006-02-15 04:57:20.000,0
Clifford.bowens,Sakilacustomer.org,447,1,CLIFFORD,BOWENS,CLIFFORD.BOWENS@sakilacustomer.org,452,true,2006-02-14,2006-02-15 04:57:20.000,1
Miguel.betancourt,Sakilacustomer.org,448,1,MIGUEL,BETANCOURT,MIGUEL.BETANCOURT@sakilacustomer.org,453,true,2006-02-14,2006-02-15 04:57:20.000,1
Oscar.aquino,Sakilacustomer.org,449,2,OSCAR,AQUINO,OSCAR.AQUINO@sakilacustomer.org,454,true,2006-02-14,2006-02-15 04:57:20.000,1
Jay.robb,Sakilacustomer.org,450,1,JAY,ROBB,JAY.ROBB@sakilacustomer.org,455,true,2006-02-14,2006-02-15 04:57:20.000,1
Jim.rea,Sakilacustomer.org,451,1,JIM,REA,JIM.REA@sakilacustomer.org,456,true,2006-02-14,2006-02-15 04:57:20.000,1
Tom.milner,Sakilacustomer.org,452,1,TOM,MILNER,TOM.MILNER@sakilacustomer.org,457,true,2006-02-14,2006-02-15 04:57:20.000,1
Calvin.martel,Sakilacustomer.org,453,1,CALVIN,MARTEL,CALVIN.MARTEL@sakilacustomer.org,458,true,2006-02-14,2006-02-15 04:57:20.000,1
Alex.gresham,Sakilacustomer.org,454,2,ALEX,GRESHAM,ALEX.GRESHAM@sakilacustomer.org,459,true,2006-02-14,2006-02-15 04:57:20.000,1
Jon.wiles,Sakilacustomer.org,455,2,JON,WILES,JON.WILES@sakilacustomer.org,460,true,2006-02-14,2006-02-15 04:57:20.000,1
Ronnie.ricketts,Sakilacustomer.org,456,2,RONNIE,RICKETTS,RONNIE.RICKETTS@sakilacustomer.org,461,true,2006-02-14,2006-02-15 04:57:20.000,1
Bill.gavin,Sakilacustomer.org,457,2,BILL,GAVIN,BILL.GAVIN@sakilacustomer.org,462,true,2006-02-14,2006-02-15 04:57:20.000,1
Lloyd.dowd,Sakilacustomer.org,458,1,LLOYD,DOWD,LLOYD.DOWD@sakilacustomer.org,463,true,2006-02-14,2006-02-15 04:57:20.000,1
Tommy.collazo,Sakilacustomer.org,459,1,TOMMY,COLLAZO,TOMMY.COLLAZO@sakilacustomer.org,464,true,2006-02-14,2006-02-15 04:57:20.000,1
Leon.bostic,Sakilacustomer.org,460,1,LEON,BOSTIC,LEON.BOSTIC@sakilacustomer.org,465,true,2006-02-14,2006-02-15 04:57:20.000,1
Derek.blakely,Sakilacustomer.org,461,1,DEREK,BLAKELY,DEREK.BLAKELY@sakilacustomer.org,466,true,2006-02-14,2006-02-15 04:57:20.000,1
Warren.sherrod,Sakilacustomer.org,462,2,WARREN,SHERROD,WARREN.SHERROD@sakilacustomer.org,467,true,2006-02-14,2006-02-15 04:57:20.000,1
Darrell.power,Sakilacustomer.org,463,2,DARRELL,POWER,DARRELL.POWER@sakilacustomer.org,468,true,2006-02-14,2006-02-15 04:57:20.000,1
Jerome.kenyon,Sakilacustomer.org,464,1,JEROME,KENYON,JEROME.KENYON@sakilacustomer.org,469,true,2006-02-14,2006-02-15 04:57:20.000,1
Floyd.gandy,Sakilacustomer.org,465,1,FLOYD,GANDY,FLOYD.GANDY@sakilacustomer.org,470,true,2006-02-14,2006-02-15 04:57:20.000,1
Leo.ebert,Sakilacustomer.org,466,1,LEO,EBERT,LEO.EBERT@sakilacustomer.org,471,true,2006-02-14,2006-02-15 04:57:20.000,1
Alvin.deloach,Sakilacustomer.org,467,2,ALVIN,DELOACH,ALVIN.DELOACH@sakilacustomer.org,472,true,2006-02-14,2006-02-15 04:57:20.000,1
Tim.cary,Sakilacustomer.org,468,1,TIM,CARY,TIM.CARY@sakilacustomer.org,473,true,2006-02-14,2006-02-15 04:57:20.000,1
Wesley.bull,Sakilacustomer.org,469,2,WESLEY,BULL,WESLEY.BULL@sakilacustomer.org,474,true,2006-02-14,2006-02-15 04:57:20.000,1
Gordon.allard,Sakilacustomer.org,470,1,GORDON,ALLARD,GORDON.ALLARD@sakilacustomer.org,475,true,2006-02-14,2006-02-15 04:57:20.000,1
Dean.sauer,Sakilacustomer.org,471,1,DEAN,SAUER,DEAN.SAUER@sakilacustomer.org,476,true,2006-02-14,2006-02-15 04:57:20.000,1
Greg.robins,Sakilacustomer.org,472,1,GREG,ROBINS,GREG.ROBINS@sakilacustomer.org,477,true,2006-02-14,2006-02-15 04:57:20.000,1
Jorge.olivares,Sakilacustomer.org,473,2,JORGE,OLIVARES,JORGE.OLIVARES@sakilacustomer.org,478,true,2006-02-14,2006-02-15 04:57:20.000,1
Dustin.gillette,Sakilacustomer.org,474,2,DUSTIN,GILLETTE,DUSTIN.GILLETTE@sakilacustomer.org,479,true,2006-02-14,2006-02-15 04:57:20.000,1
Pedro.chestnut,Sakilacustomer.org,475,2,PEDRO,CHESTNUT,PEDRO.CHESTNUT@sakilacustomer.org,480,true,2006-02-14,2006-02-15 04:57:20.000,1
Derrick.bourque,Sakilacustomer.org,476,1,DERRICK,BOURQUE,DERRICK.BOURQUE@sakilacustomer.org,481,true,2006-02-14,2006-02-15 04:57:20.000,1
Dan.paine,Sakilacustomer.org,477,1,DAN,PAINE,DAN.PAINE@sakilacustomer.org,482,true,2006-02-14,2006-02-15 04:57:20.000,1
Lewis.lyman,Sakilacustomer.org,478,1,LEWIS,LYMAN,LEWIS.LYMAN@sakilacustomer.org,483,true,2006-02-14,2006-02-15 04:57:20.000,1
Zachary.hite,Sakilacustomer.org,479,1,ZACHARY,HITE,ZACHARY.HITE@sakilacustomer.org,484,true,2006-02-14,2006-02-15 04:57:20.000,1
Corey.hauser,Sakilacustomer.org,480,1,COREY,HAUSER,COREY.HAUSER@sakilacustomer.org,485,true,2006-02-14,2006-02-15 04:57:20.000,1
Herman.devore,Sakilacustomer.org,481,1,HERMAN,DEVORE,HERMAN.DEVORE@sakilacustomer.org,486,true,2006-02-14,2006-02-15 04:57:20.000,1
Maurice.crawley,Sakilacustomer.org,482,1,MAURICE,CRAWLEY,MAURICE.CRAWLEY@sakilacustomer.org,487,true,2006-02-14,2006-02-15 04:57:20.000,0
Vernon.chapa,Sakilacustomer.org,483,2,VERNON,CHAPA,VERNON.CHAPA@sakilacustomer.org,488,true,2006-02-14,2006-02-15 04:57:20.000,1
Roberto.vu,Sakilacustomer.org,484,1,ROBERTO,VU,ROBERTO.VU@sakilacustomer.org,489,true,2006-02-14,2006-02-15 04:57:20.000,1
Clyde.tobias,Sakilacustomer.org,485,1,CLYDE,TOBIAS,CLYDE.TOBIAS@sakilacustomer.org,490,true,2006-02-14,2006-02-15 04:57:20.000,1
Glen.talbert,Sakilacustomer.org,486,1,GLEN,TALBERT,GLEN.TALBERT@sakilacustomer.org,491,true,2006-02-14,2006-02-15 04:57:20.000,1
Hector.poindexter,Sakilacustomer.org,487,2,HECTOR,POINDEXTER,HECTOR.POINDEXTER@sakilacustomer.org,492,true,2006-02-14,2006-02-15 04:57:20.000,1
Shane.millard,Sakilacustomer.org,488,2,SHANE,MILLARD,SHANE.MILLARD@sakilacustomer.org,493,true,2006-02-14,2006-02-15 04:57:20.000,1
Ricardo.meador,Sakilacustomer.org,489,1,RICARDO,MEADOR,RICARDO.MEADOR@sakilacustomer.org,494,true,2006-02-14,2006-02-15 04:57:20.000,1
Sam.mcduffie,Sakilacustomer.org,490,1,SAM,MCDUFFIE,SAM.MCDUFFIE@sakilacustomer.org,495,true,2006-02-14,2006-02-15 04:57:20.000,1
Rick.mattox,Sakilacustomer.org,491,2,RICK,MATTOX,RICK.MATTOX@sakilacustomer.org,496,true,2006-02-14,2006-02-15 04:57:20.000,1
Lester.kraus,Sakilacustomer.org,492,2,LESTER,KRAUS,LESTER.KRAUS@sakilacustomer.org,497,true,2006-02-14,2006-02-15 04:57:20.000,1
Brent.harkins,Sakilacustomer.org,493,1,BRENT,HARKINS,BRENT.HARKINS@sakilacustomer.org,498,true,2006-02-14,2006-02-15 04:57:20.000,1
Ramon.choate,Sakilacustomer.org,494,2,RAMON,CHOATE,RAMON.CHOATE@sakilacustomer.org,499,true,2006-02-14,2006-02-15 04:57:20.000,1
Charlie.bess,Sakilacustomer.org,495,2,CHARLIE,BESS,CHARLIE.BESS@sakilacustomer.org,500,true,2006-02-14,2006-02-15 04:57:20.000,1
Tyler.wren,Sakilacustomer.org,496,2,TYLER,WREN,TYLER.WREN@sakilacustomer.org,501,true,2006-02-14,2006-02-15 04:57:20.000,1
Gilbert.sledge,Sakilacustomer.org,497,2,GILBERT,SLEDGE,GILBERT.SLEDGE@sakilacustomer.org,502,true,2006-02-14,2006-02-15 04:57:20.000,1
Gene.sanborn,Sakilacustomer.org,498,1,GENE,SANBORN,GENE.SANBORN@sakilacustomer.org,503,true,2006-02-14,2006-02-15 04:57:20.000,1
Marc.outlaw,Sakilacustomer.org,499,2,MARC,OUTLAW,MARC.OUTLAW@sakilacustomer.org,504,true,2006-02-14,2006-02-15 04:57:20.000,1
Reginald.kinder,Sakilacustomer.org,500,1,REGINALD,KINDER,REGINALD.KINDER@sakilacustomer.org,505,true,2006-02-14,2006-02-15 04:57:20.000,1
Ruben.geary,Sakilacustomer.org,501,1,RUBEN,GEARY,RUBEN.GEARY@sakilacustomer.org,506,true,2006-02-14,2006-02-15 04:57:20.000,1
Brett.cornwell,Sakilacustomer.org,502,1,BRETT,CORNWELL,BRETT.CORNWELL@sakilacustomer.org,507,true,2006-02-14,2006-02-15 04:57:20.000,1
Angel.barclay,Sakilacustomer.org,503,1,ANGEL,BARCLAY,ANGEL.BARCLAY@sakilacustomer.org,508,true,2006-02-14,2006-02-15 04:57:20.000,1
Nathaniel.adam,Sakilacustomer.org,504,1,NATHANIEL,ADAM,NATHANIEL.ADAM@sakilacustomer.org,509,true,2006-02-14,2006-02-15 04:57:20.000,1
Rafael.abney,Sakilacustomer.org,505,1,RAFAEL,ABNEY,RAFAEL.ABNEY@sakilacustomer.org,510,true,2006-02-14,2006-02-15 04:57:20.000,1
Leslie.seward,Sakilacustomer.org,506,2,LESLIE,SEWARD,LESLIE.SEWARD@sakilacustomer.org,511,true,2006-02-14,2006-02-15 04:57:20.000,1
Edgar.rhoads,Sakilacustomer.org,507,2,EDGAR,RHOADS,EDGAR.RHOADS@sakilacustomer.org,512,true,2006-02-14,2006-02-15 04:57:20.000,1
Milton.howland,Sakilacustomer.org,508,2,MILTON,HOWLAND,MILTON.HOWLAND@sakilacustomer.org,513,true,2006-02-14,2006-02-15 04:57:20.000,1
Raul.fortier,Sakilacustomer.org,509,1,RAUL,FORTIER,RAUL.FORTIER@sakilacustomer.org,514,true,2006-02-14,2006-02-15 04:57:20.000,1
Ben.easter,Sakilacustomer.org,510,2,BEN,EASTER,BEN.EASTER@sakilacustomer.org,515,true,2006-02-14,2006-02-15 04:57:20.000,0
Chester.benner,Sakilacustomer.org,511,1,CHESTER,BENNER,CHESTER.BENNER@sakilacustomer.org,516,true,2006-02-14,2006-02-15 04:57:20.000,1
Cecil.vines,Sakilacustomer.org,512,1,CECIL,VINES,CECIL.VINES@sakilacustomer.org,517,true,2006-02-14,2006-02-15 04:57:20.000,1
Duane.tubbs,Sakilacustomer.org,513,2,DUANE,TUBBS,DUANE.TUBBS@sakilacustomer.org,519,true,2006-02-14,2006-02-15 04:57:20.000,1
Franklin.troutman,Sakilacustomer.org,514,2,FRANKLIN,TROUTMAN,FRANKLIN.TROUTMAN@sakilacustomer.org,520,true,2006-02-14,2006-02-15 04:57:20.000,1
Andre.rapp,Sakilacustomer.org,515,1,ANDRE,RAPP,ANDRE.RAPP@sakilacustomer.org,521,true,2006-02-14,2006-02-15 04:57:20.000,1
Elmer.noe,Sakilacustomer.org,516,2,ELMER,NOE,ELMER.NOE@sakilacustomer.org,522,true,2006-02-14,2006-02-15 04:57:20.000,1
Brad.mccurdy,Sakilacustomer.org,517,2,BRAD,MCCURDY,BRAD.MCCURDY@sakilacustomer.org,523,true,2006-02-14,2006-02-15 04:57:20.000,1
Gabriel.harder,Sakilacustomer.org,518,1,GABRIEL,HARDER,GABRIEL.HARDER@sakilacustomer.org,524,true,2006-02-14,2006-02-15 04:57:20.000,1
Ron.deluca,Sakilacustomer.org,519,2,RON,DELUCA,RON.DELUCA@sakilacustomer.org,525,true,2006-02-14,2006-02-15 04:57:20.000,1
Mitchell.westmoreland,Sakilacustomer.org,520,2,MITCHELL,WESTMORELAND,MITCHELL.WESTMORELAND@sakilacustomer.org,526,true,2006-02-14,2006-02-15 04:57:20.000,1
Roland.south,Sakilacustomer.org,521,2,ROLAND,SOUTH,ROLAND.SOUTH@sakilacustomer.org,527,true,2006-02-14,2006-02-15 04:57:20.000,1
Arnold.havens,Sakilacustomer.org,522,2,ARNOLD,HAVENS,ARNOLD.HAVENS@sakilacustomer.org,528,true,2006-02-14,2006-02-15 04:57:20.000,1
Harvey.guajardo,Sakilacustomer.org,523,1,HARVEY,GUAJARDO,HARVEY.GUAJARDO@sakilacustomer.org,529,true,2006-02-14,2006-02-15 04:57:20.000,1
Jared.ely,Sakilacustomer.org,524,1,JARED,ELY,JARED.ELY@sakilacustomer.org,530,true,2006-02-14,2006-02-15 04:57:20.000,1
Adrian.clary,Sakilacustomer.org,525,2,ADRIAN,CLARY,ADRIAN.CLARY@sakilacustomer.org,531,true,2006-02-14,2006-02-15 04:57:20.000,1
Karl.seal,Sakilacustomer.org,526,2,KARL,SEAL,KARL.SEAL@sakilacustomer.org,532,true,2006-02-14,2006-02-15 04:57:20.000,1
Cory.meehan,Sakilacustomer.org,527,1,CORY,MEEHAN,CORY.MEEHAN@sakilacustomer.org,533,true,2006-02-14,2006-02-15 04:57:20.000,1
Claude.herzog,Sakilacustomer.org,528,1,CLAUDE,HERZOG,CLAUDE.HERZOG@sakilacustomer.org,534,true,2006-02-14,2006-02-15 04:57:20.000,1
Erik.guillen,Sakilacustomer.org,529,2,ERIK,GUILLEN,ERIK.GUILLEN@sakilacustomer.org,535,true,2006-02-14,2006-02-15 04:57:20.000,1
Darryl.ashcraft,Sakilacustomer.org,530,2,DARRYL,ASHCRAFT,DARRYL.ASHCRAFT@sakilacustomer.org,536,true,2006-02-14,2006-02-15 04:57:20.000,1
Jamie.waugh,Sakilacustomer.org,531,2,JAMIE,WAUGH,JAMIE.WAUGH@sakilacustomer.org,537,true,2006-02-14,2006-02-15 04:57:20.000,1
Neil.renner,Sakilacustomer.org,532,2,NEIL,RENNER,NEIL.RENNER@sakilacustomer.org,538,true,2006-02-14,2006-02-15 04:57:20.000,1
Jessie.milam,Sakilacustomer.org,533,1,JESSIE,MILAM,JESSIE.MILAM@sakilacustomer.org,539,true,2006-02-14,2006-02-15 04:57:20.000,1
Christian.jung,Sakilacustomer.org,534,1,CHRISTIAN,JUNG,CHRISTIAN.JUNG@sakilacustomer.org,540,true,2006-02-14,2006-02-15 04:57:20.000,0
Javier.elrod,Sakilacustomer.org,535,1,JAVIER,ELROD,JAVIER.ELROD@sakilacustomer.org,541,true,2006-02-14,2006-02-15 04:57:20.000,1
Fernando.churchill,Sakilacustomer.org,536,2,FERNANDO,CHURCHILL,FERNANDO.CHURCHILL@sakilacustomer.org,542,true,2006-02-14,2006-02-15 04:57:20.000,1
Clinton.buford,Sakilacustomer.org,537,2,CLINTON,BUFORD,CLINTON.BUFORD@sakilacustomer.org,543,true,2006-02-14,2006-02-15 04:57:20.000,1
Ted.breaux,Sakilacustomer.org,538,2,TED,BREAUX,TED.BREAUX@sakilacustomer.org,544,true,2006-02-14,2006-02-15 04:57:20.000,1
Mathew.bolin,Sakilacustomer.org,539,1,MATHEW,BOLIN,MATHEW.BOLIN@sakilacustomer.org,545,true,2006-02-14,2006-02-15 04:57:20.000,1
Tyrone.asher,Sakilacustomer.org,540,1,TYRONE,ASHER,TYRONE.ASHER@sakilacustomer.org,546,true,2006-02-14,2006-02-15 04:57:20.000,1
Darren.windham,Sakilacustomer.org,541,2,DARREN,WINDHAM,DARREN.WINDHAM@sakilacustomer.org,547,true,2006-02-14,2006-02-15 04:57:20.000,1
Lonnie.tirado,Sakilacustomer.org,542,2,LONNIE,TIRADO,LONNIE.TIRADO@sakilacustomer.org,548,true,2006-02-14,2006-02-15 04:57:20.000,1
Lance.pemberton,Sakilacustomer.org,543,1,LANCE,PEMBERTON,LANCE.PEMBERTON@sakilacustomer.org,549,true,2006-02-14,2006-02-15 04:57:20.000,1
Cody.nolen,Sakilacustomer.org,544,2,CODY,NOLEN,CODY.NOLEN@sakilacustomer.org,550,true,2006-02-14,2006-02-15 04:57:20.000,1
Julio.noland,Sakilacustomer.org,545,2,JULIO,NOLAND,JULIO.NOLAND@sakilacustomer.org,551,true,2006-02-14,2006-02-15 04:57:20.000,1
Kelly.knott,Sakilacustomer.org,546,1,KELLY,KNOTT,KELLY.KNOTT@sakilacustomer.org,552,true,2006-02-14,2006-02-15 04:57:20.000,1
Kurt.emmons,Sakilacustomer.org,547,1,KURT,EMMONS,KURT.EMMONS@sakilacustomer.org,553,true,2006-02-14,2006-02-15 04:57:20.000,1
Allan.cornish,Sakilacustomer.org,548,1,ALLAN,CORNISH,ALLAN.CORNISH@sakilacustomer.org,554,true,2006-02-14,2006-02-15 04:57:20.000,1
Nelson.christenson,Sakilacustomer.org,549,1,NELSON,CHRISTENSON,NELSON.CHRISTENSON@sakilacustomer.org,555,true,2006-02-14,2006-02-15 04:57:20.000,1
Guy.brownlee,Sakilacustomer.org,550,2,GUY,BROWNLEE,GUY.BROWNLEE@sakilacustomer.org,556,true,2006-02-14,2006-02-15 04:57:20.000,1
Clayton.barbee,Sakilacustomer.org,551,2,CLAYTON,BARBEE,CLAYTON.BARBEE@sakilacustomer.org,557,true,2006-02-14,2006-02-15 04:57:20.000,1
Hugh.waldrop,Sakilacustomer.org,552,2,HUGH,WALDROP,HUGH.WALDROP@sakilacustomer.org,558,true,2006-02-14,2006-02-15 04:57:20.000,1
Max.pitt,Sakilacustomer.org,553,1,MAX,PITT,MAX.PITT@sakilacustomer.org,559,true,2006-02-14,2006-02-15 04:57:20.000,1
Dwayne.olvera,Sakilacustomer.org,554,1,DWAYNE,OLVERA,DWAYNE.OLVERA@sakilacustomer.org,560,true,2006-02-14,2006-02-15 04:57:20.000,1
Dwight.lombardi,Sakilacustomer.org,555,1,DWIGHT,LOMBARDI,DWIGHT.LOMBARDI@sakilacustomer.org,561,true,2006-02-14,2006-02-15 04:57:20.000,1
Armando.gruber,Sakilacustomer.org,556,2,ARMANDO,GRUBER,ARMANDO.GRUBER@sakilacustomer.org,562,true,2006-02-14,2006-02-15 04:57:20.000,1
Felix.gaffney,Sakilacustomer.org,557,1,FELIX,GAFFNEY,FELIX.GAFFNEY@sakilacustomer.org,563,true,2006-02-14,2006-02-15 04:57:20.000,1
Jimmie.eggleston,Sakilacustomer.org,558,1,JIMMIE,EGGLESTON,JIMMIE.EGGLESTON@sakilacustomer.org,564,true,2006-02-14,2006-02-15 04:57:20.000,0
Everett.banda,Sakilacustomer.org,559,2,EVERETT,BANDA,EVERETT.BANDA@sakilacustomer.org,565,true,2006-02-14,2006-02-15 04:57:20.000,1
Jordan.archuleta,Sakilacustomer.org,560,1,JORDAN,ARCHULETA,JORDAN.ARCHULETA@sakilacustomer.org,566,true,2006-02-14,2006-02-15 04:57:20.000,1
Ian.still,Sakilacustomer.org,561,2,IAN,STILL,IAN.STILL@sakilacustomer.org,567,true,2006-02-14,2006-02-15 04:57:20.000,1
Wallace.slone,Sakilacustomer.org,562,1,WALLACE,SLONE,WALLACE.SLONE@sakilacustomer.org,568,true,2006-02-14,2006-02-15 04:57:20.000,1
Ken.prewitt,Sakilacustomer.org,563,2,KEN,PREWITT,KEN.PREWITT@sakilacustomer.org,569,true,2006-02-14,2006-02-15 04:57:20.000,1
Bob.pfeiffer,Sakilacustomer.org,564,2,BOB,PFEIFFER,BOB.PFEIFFER@sakilacustomer.org,570,true,2006-02-14,2006-02-15 04:57:20.000,1
Jaime.nettles,Sakilacustomer.org,565,2,JAIME,NETTLES,JAIME.NETTLES@sakilacustomer.org,571,true,2006-02-14,2006-02-15 04:57:20.000,1
Casey.mena,Sakilacustomer.org,566,1,CASEY,MENA,CASEY.MENA@sakilacustomer.org,572,true,2006-02-14,2006-02-15 04:57:20.000,1
Alfredo.mcadams,Sakilacustomer.org,567,2,ALFREDO,MCADAMS,ALFREDO.MCADAMS@sakilacustomer.org,573,true,2006-02-14,2006-02-15 04:57:20.000,1
Alberto.henning,Sakilacustomer.org,568,2,ALBERTO,HENNING,ALBERTO.HENNING@sakilacustomer.org,574,true,2006-02-14,2006-02-15 04:57:20.000,1
Dave.gardiner,Sakilacustomer.org,569,2,DAVE,GARDINER,DAVE.GARDINER@sakilacustomer.org,575,true,2006-02-14,2006-02-15 04:57:20.000,1
Ivan.cromwell,Sakilacustomer.org,570,2,IVAN,CROMWELL,IVAN.CROMWELL@sakilacustomer.org,576,true,2006-02-14,2006-02-15 04:57:20.000,1
Johnnie.chisholm,Sakilacustomer.org,571,2,JOHNNIE,CHISHOLM,JOHNNIE.CHISHOLM@sakilacustomer.org,577,true,2006-02-14,2006-02-15 04:57:20.000,1
Sidney.burleson,Sakilacustomer.org,572,1,SIDNEY,BURLESON,SIDNEY.BURLESON@sakilacustomer.org,578,true,2006-02-14,2006-02-15 04:57:20.000,1
Byron.box,Sakilacustomer.org,573,1,BYRON,BOX,BYRON.BOX@sakilacustomer.org,579,true,2006-02-14,2006-02-15 04:57:20.000,1
Julian.vest,Sakilacustomer.org,574,2,JULIAN,VEST,JULIAN.VEST@sakilacustomer.org,580,true,2006-02-14,2006-02-15 04:57:20.000,1
Isaac.oglesby,Sakilacustomer.org,575,2,ISAAC,OGLESBY,ISAAC.OGLESBY@sakilacustomer.org,581,true,2006-02-14,2006-02-15 04:57:20.000,1
Morris.mccarter,Sakilacustomer.org,576,2,MORRIS,MCCARTER,MORRIS.MCCARTER@sakilacustomer.org,582,true,2006-02-14,2006-02-15 04:57:20.000,1
Clifton.malcolm,Sakilacustomer.org,577,2,CLIFTON,MALCOLM,CLIFTON.MALCOLM@sakilacustomer.org,583,true,2006-02-14,2006-02-15 04:57:20.000,1
Willard.lumpkin,Sakilacustomer.org,578,2,WILLARD,LUMPKIN,WILLARD.LUMPKIN@sakilacustomer.org,584,true,2006-02-14,2006-02-15 04:57:20.000,1
Daryl.larue,Sakilacustomer.org,579,2,DARYL,LARUE,DARYL.LARUE@sakilacustomer.org,585,true,2006-02-14,2006-02-15 04:57:20.000,1
Ross.grey,Sakilacustomer.org,580,1,ROSS,GREY,ROSS.GREY@sakilacustomer.org,586,true,2006-02-14,2006-02-15 04:57:20.000,1
Virgil.wofford,Sakilacustomer.org,581,1,VIRGIL,WOFFORD,VIRGIL.WOFFORD@sakilacustomer.org,587,true,2006-02-14,2006-02-15 04:57:20.000,1
Andy.vanhorn,Sakilacustomer.org,582,2,ANDY,VANHORN,ANDY.VANHORN@sakilacustomer.org,588,true,2006-02-14,2006-02-15 04:57:20.000,1
Marshall.thorn,Sakilacustomer.org,583,1,MARSHALL,THORN,MARSHALL.THORN@sakilacustomer.org,589,true,2006-02-14,2006-02-15 04:57:20.000,1
Salvador.teel,Sakilacustomer.org,584,2,SALVADOR,TEEL,SALVADOR.TEEL@sakilacustomer.org,590,true,2006-02-14,2006-02-15 04:57:20.000,1
Perry.swafford,Sakilacustomer.org,585,1,PERRY,SWAFFORD,PERRY.SWAFFORD@sakilacustomer.org,591,true,2006-02-14,2006-02-15 04:57:20.000,1
Kirk.stclair,Sakilacustomer.org,586,1,KIRK,STCLAIR,KIRK.STCLAIR@sakilacustomer.org,592,true,2006-02-14,2006-02-15 04:57:20.000,1
Sergio.stanfield,Sakilacustomer.org,587,1,SERGIO,STANFIELD,SERGIO.STANFIELD@sakilacustomer.org,593,true,2006-02-14,2006-02-15 04:57:20.000,1
Marion.ocampo,Sakilacustomer.org,588,1,MARION,OCAMPO,MARION.OCAMPO@sakilacustomer.org,594,true,2006-02-14,2006-02-15 04:57:20.000,1
Tracy.herrmann,Sakilacustomer.org,589,1,TRACY,HERRMANN,TRACY.HERRMANN@sakilacustomer.org,595,true,2006-02-14,2006-02-15 04:57:20.000,1
Seth.hannon,Sakilacustomer.org,590,2,SETH,HANNON,SETH.HANNON@sakilacustomer.org,596,true,2006-02-14,2006-02-15 04:57:20.000,1
Kent.arsenault,Sakilacustomer.org,591,1,KENT,ARSENAULT,KENT.ARSENAULT@sakilacustomer.org,597,true,2006-02-14,2006-02-15 04:57:20.000,1
Terrance.roush,Sakilacustomer.org,592,1,TERRANCE,ROUSH,TERRANCE.ROUSH@sakilacustomer.org,598,true,2006-02-14,2006-02-15 04:57:20.000,0
Rene.mcalister,Sakilacustomer.org,593,2,RENE,MCALISTER,RENE.MCALISTER@sakilacustomer.org,599,true,2006-02-14,2006-02-15 04:57:20.000,1
Eduardo.hiatt,Sakilacustomer.org,594,1,EDUARDO,HIATT,EDUARDO.HIATT@sakilacustomer.org,600,true,2006-02-14,2006-02-15 04:57:20.000,1
Terrence.gunderson,Sakilacustomer.org,595,1,TERRENCE,GUNDERSON,TERRENCE.GUNDERSON@sakilacustomer.org,601,true,2006-02-14,2006-02-15 04:57:20.000,1
Enrique.forsythe,Sakilacustomer.org,596,1,ENRIQUE,FORSYTHE,ENRIQUE.FORSYTHE@sakilacustomer.org,602,true,2006-02-14,2006-02-15 04:57:20.000,1
Freddie.duggan,Sakilacustomer.org,597,1,FREDDIE,DUGGAN,FREDDIE.DUGGAN@sakilacustomer.org,603,true,2006-02-14,2006-02-15 04:57:20.000,1
Wade.delvalle,Sakilacustomer.org,598,1,WADE,DELVALLE,WADE.DELVALLE@sakilacustomer.org,604,true,2006-02-14,2006-02-15 04:57:20.000,1
Austin.cintron,Sakilacustomer.org,599,2,AUSTIN,CINTRON,AUSTIN.CINTRON@sakilacustomer.org,605,true,2006-02-14,2006-02-15 04:57:20.000,1
